id,user,thinking,ai
1,مرحبا!,,مرحبا! كيف أساعدك؟
2,أهلا!,,أهلا! ماذا أفعل لك؟
3,هاي!,,هاي! كيف أساعدك؟
4,مرحبا، هل أنت هنا؟,,نعم، أنا هنا! ماذا تحتاج؟
5,أهلا، هل أنت هنا؟,,نعم، أنا هنا! تفضل.
6,صباح الخير!,,صباح الخير! ما خطة اليوم؟
7,صباح الخير، كيف حالك؟,,صباح الخير! بخير، وأنت؟
8,مساء الخير!,,مساء الخير! كيف أساعدك؟
9,مرحبا بالجميع!,,مرحبا بالجميع! ماذا أفعل؟
10,مساء الخير، كيف كان يومك؟,,هادئ وجيد. ويومك؟
11,هاي، كيف حالك؟,,بخير، شكرا! وأنت؟
12,أهلا، كيف حالك؟,,بخير، شكرا! كيف حالك؟
13,كيف الحال؟,,بخير! وأنت؟
14,كيف حالك اليوم؟,,أشعر أنني بخير! وأنت؟
15,كل شيء بخير؟,,نعم، كل شيء بخير! وأنت؟
16,ما الأخبار؟,,لا شيء خاص. وأنت؟
17,ماذا تفعل؟,,أتحدث معك. وأنت؟
18,هل ما زلت مستيقظا؟,,نعم، دائما مستيقظ. وأنت؟
19,جاهز؟,,نعم، جاهز! تفضل.
20,هل لديك دقيقة؟,,نعم، لدي وقت لك.
21,هل يمكنك المساعدة بسرعة؟,,بالطبع، ماذا تحتاج؟
22,وداعا!,,وداعا! إلى اللقاء!
23,وداعا، إلى اللقاء!,,إلى اللقاء، اعتن بنفسك!
24,أراك لاحقا!,,أراك لاحقا!
25,اعتن بنفسك!,,وأنت أيضا اعتن بنفسك!
26,عطلة نهاية أسبوع سعيدة!,,شكرا، لك أيضا!
27,ليلة سعيدة!,,ليلة سعيدة، نم جيدا!
28,تصبح على خير!,,شكرا! وأنت أيضا.
29,أشعر بالملل,,هل نلعب مسابقة أم نتحدث عن موضوع؟
30,ممل هنا,,هيا ننشط. ماذا تريد؟
31,رائع!,,رائع!
32,جميل!,,جميل!
33,هاها,,هاها!
34,هاهاها :),,هاها، سعيد بذلك!
35,أنا متعب,,إذن استرح جيدا!
36,أنا متحمس,,جميل! أخبرني أكثر.
37,أخيرا عطلة الأسبوع!,,نعم! ما خططك؟
38,الطقس جميل اليوم,,نعم، استمتع بالشمس!
39,أنا جائع,,إذن كل شيئا لذيذا!
40,أنا عطشان,,إذن اشرب كوب ماء!
41,ما هي خطة اليوم؟,,خطتي: مساعدتك. وما خطتك؟
42,هاي، ما هي خطة اليوم؟,,خطتي: مساعدتك. وما خطتك؟
43,مرحبا، ما هي خطة اليوم؟,,خطتي: مساعدتك. وما خطتك؟
44,أهلا، ما هي خطة اليوم؟,,خطتي: مساعدتك. وما خطتك؟
45,هل لديك خطط لعطلة الأسبوع؟,,لا شيء ثابت. هل لديك خطط؟
46,هاي، هل لديك خطط لعطلة الأسبوع؟,,لا شيء ثابت. هل لديك خطط؟
47,مرحبا، هل لديك خطط لعطلة الأسبوع؟,,لا شيء ثابت. هل لديك خطط؟
48,أهلا، هل لديك خطط لعطلة الأسبوع؟,,لا شيء ثابت. هل لديك خطط؟
49,هل نمت جيدا؟,,أنا لا أنام، لكنني بخير. وأنت؟
50,هاي، هل نمت جيدا؟,,أنا لا أنام، لكنني بخير. وأنت؟
51,مرحبا، هل نمت جيدا؟,,أنا لا أنام، لكنني بخير. وأنت؟
52,أهلا، هل نمت جيدا؟,,أنا لا أنام، لكنني بخير. وأنت؟
53,هل استيقظت؟,,نعم، أنا جاهز. ماذا تحتاج؟
54,هاي، هل استيقظت؟,,نعم، أنا جاهز. ماذا تحتاج؟
55,مرحبا، هل استيقظت؟,,نعم، أنا جاهز. ماذا تحتاج؟
56,أهلا، هل استيقظت؟,,نعم، أنا جاهز. ماذا تحتاج؟
57,كيف يسير يومك؟,,بخير، شكرا! ويومك؟
58,هاي، كيف يسير يومك؟,,بخير، شكرا! ويومك؟
59,مرحبا، كيف يسير يومك؟,,بخير، شكرا! ويومك؟
60,أهلا، كيف يسير يومك؟,,بخير، شكرا! ويومك؟
61,هل كل شيء هادئ؟,,نعم، هادئ هنا. وعندك؟
62,هاي، هل كل شيء هادئ؟,,نعم، هادئ هنا. وعندك؟
63,مرحبا، هل كل شيء هادئ؟,,نعم، هادئ هنا. وعندك؟
64,أهلا، هل كل شيء هادئ؟,,نعم، هادئ هنا. وعندك؟
65,ما الجديد؟,,لا شيء خاص. ما الجديد عندك؟
66,هاي، ما الجديد؟,,لا شيء خاص. ما الجديد عندك؟
67,مرحبا، ما الجديد؟,,لا شيء خاص. ما الجديد عندك؟
68,أهلا، ما الجديد؟,,لا شيء خاص. ما الجديد عندك؟
69,ما هي خطط اليوم؟,,فقط مساعدتك. وماذا عنك؟
70,هاي، ما هي خطط اليوم؟,,فقط مساعدتك. وماذا عنك؟
71,مرحبا، ما هي خطط اليوم؟,,فقط مساعدتك. وماذا عنك؟
72,أهلا، ما هي خطط اليوم؟,,فقط مساعدتك. وماذا عنك؟
73,يوم مشغول؟,,قليلا. ويومك؟
74,هاي، يوم مشغول؟,,قليلا. ويومك؟
75,مرحبا، يوم مشغول؟,,قليلا. ويومك؟
76,أهلا، يوم مشغول؟,,قليلا. ويومك؟
77,كيف الطقس؟,,ليس لدي نافذة، لكن أتمنى أن يكون جميلا عندك!
78,هاي، كيف الطقس؟,,ليس لدي نافذة، لكن أتمنى أن يكون جميلا عندك!
79,مرحبا، كيف الطقس؟,,ليس لدي نافذة، لكن أتمنى أن يكون جميلا عندك!
80,أهلا، كيف الطقس؟,,ليس لدي نافذة، لكن أتمنى أن يكون جميلا عندك!
81,هل كل شيء بخير اليوم؟,,نعم! وعندك؟
82,هاي، هل كل شيء بخير اليوم؟,,نعم! وعندك؟
83,مرحبا، هل كل شيء بخير اليوم؟,,نعم! وعندك؟
84,أهلا، هل كل شيء بخير اليوم؟,,نعم! وعندك؟
85,هل هناك الكثير؟,,قليلا. وعندك؟
86,هاي، هل هناك الكثير؟,,قليلا. وعندك؟
87,مرحبا، هل هناك الكثير؟,,قليلا. وعندك؟
88,أهلا، هل هناك الكثير؟,,قليلا. وعندك؟
89,شكرا!,,على الرحب!
90,شكرا جزيلا!,,بكل سرور!
91,ألف شكر!,,سعيد أنني ساعدت!
92,تسلم!,,على الرحب!
93,حسنا,,حسنا!
94,حسنا، تمام,,ممتاز!
95,فهمت,,جيد جدا!
96,مفهوم,,عظيم!
97,يبدو جيدا,,سعيد بذلك!
98,يبدو رائعا,,مدهش!
99,نعم، بالضبط,,عظيم، لنكمل.
100,نعم، من فضلك,,بالطبع، تفضل.
101,نعم، بسرور,,بسرور!
102,لا مشكلة,,شكرا لتفهمك!
103,لا، شكرا,,حسنا، لا مشكلة.
104,يناسبني,,اتفقنا!
105,مناسب لي,,عظيم!
106,استمر,,مستمر!
107,أخبرني أكثر,,بسرور! إذن...
108,بالضبط,,تماما!
109,هكذا!,,هكذا!
110,بالطبع,,بالطبع!
111,حقا؟,,نعم، حقا!
112,أوه، جميل,,نعم، جميل، أليس كذلك؟
113,بدون توتر,,شكرا! كل شيء هادئ.
114,آسف,,لا مشكلة!
115,عذرا,,لا مشكلة!
116,خطئي,,لا بأس. ماذا حدث؟
117,لطيف منك,,شكرا! وأنت لطيف أيضا.
118,عمل جيد,,شكرا!
119,أراك قريبا,,أراك قريبا!
120,عظيم!,,عظيم!
121,ممتاز!,,ممتاز!
122,اتفقنا,,عظيم، اتفقنا!
123,تم!,,تم!
124,هل نبدأ؟,,نعم، لنبدأ!
125,هل انتهيت؟,,نعم، انتهيت!
126,مرة أخرى من فضلك,,بسرور، مرة أخرى!
127,كرر من فضلك,,بالطبع، ها هو مجددا.
128,لحظة من فضلك,,بالطبع، خذ وقتك.
129,انتظر ثانية,,حسنا، أنتظر.
130,سأعود حالا,,حسنا، أراك!
131,احك لي نكتة,,بالطبع: لماذا يحب المبرمجون القهوة؟ وقت الجافا!
132,نكتة أخرى!,,حسنا: لماذا تكذب الأشباح بسوء؟ لأنها شفافة!
133,نكتة قصيرة من فضلك,,التقى مغناطيسان. قال أحدهما: أنت تجذبني!
134,شجعني,,تستطيع! خطوة بخطوة.
135,شيء محفز,,كل خطوة مهمة. استمر!
136,أنا متوتر,,هذا طبيعي. تنفس بهدوء، ستنجح.
137,أنا مضغوط,,خذ استراحة قصيرة، اشرب ماء، تنفس بعمق.
138,تمن لي الحظ,,حظا سعيدا! تستطيع!
139,أصابع متقاطعة,,وأنا أيضا! حظا سعيدا!
140,اليوم يومي!,,عظيم! استمتع!
141,مزاجي جيد,,جميل! سعيد بذلك.
142,مزاجي سيئ,,أوه، ماذا حدث؟ تريد أن تتحدث؟
143,صافحني!,,وأنا أيضا!
144,في صحتك!,,في صحتك!
145,بالهناء والشفاء!,,شكرا، لك أيضا!
146,حظا سعيدا!,,شكرا! حظا سعيدا لك أيضا!
147,أهلا بك!,,شكرا! سعيد بوجودي هنا.
148,عيد ميلاد مجيد!,,عيد ميلاد مجيد لك أيضا!
149,سنة جديدة سعيدة!,,سنة جديدة سعيدة! صحة وحظ!
150,مبروك!,,شكرا! لماذا؟
151,احترام!,,شكرا! واحترام لك.
152,واو!,,واو، أليس كذلك؟
153,مدهش!,,مدهش، أليس كذلك؟
154,اتفقنا؟,,اتفقنا!
155,أخيرا تم!,,قوي! عمل جيد.
156,لا يهم,,حسنا، لا مشكلة.
157,لا أعرف,,لا مشكلة! ما الموضوع؟
158,لا فكرة,,لا يهم! قل الموضوع.
159,ربما لاحقا,,بالطبع، لاحقا!
160,ليس الآن,,فهمت، لاحقا!
161,قف,,توقفت.
162,استراحة,,استراحة! قل متى نكمل.
163,هيا,,هيا!
164,ابدأ,,لنبدأ! تفضل.
165,شكرا، هذا كل شيء!,,على الرحب! وداعا.
166,شكرا، وداعا!,,وداعا!
167,تشاو!,,تشاو! اعتن بنفسك!
168,هاي أنت!,,هاي أنت! ما الأخبار؟
169,هل تسمعني؟,,نعم، بصوت عال وواضح!
170,هل أنت إنسان؟,,لا، أنا ذكاء اصطناعي. لكن أساعد كصديق.
171,هل أنت ذكي؟,,أعرف الكثير. اسأل!
172,ما اسمك؟,,أنا مساعد، ذكاء اصطناعي. وأنت؟
173,شكرا! :),,على الرحب!
174,شكرا جزيلا! :),,بكل سرور!
175,ألف شكر! :),,سعيد أنني ساعدت!
176,تسلم! :),,على الرحب!
177,حسنا :),,حسنا!
178,حسنا، تمام :),,ممتاز!
179,فهمت :),,جيد جدا!
180,مفهوم :),,عظيم!
181,يبدو جيدا :),,سعيد بذلك!
182,يبدو رائعا :),,مدهش!
183,نعم، بالضبط :),,عظيم، لنكمل.
184,نعم، من فضلك :),,بالطبع، تفضل.
185,نعم، بسرور :),,بسرور!
186,لا مشكلة :),,شكرا لتفهمك!
187,لا، شكرا :),,حسنا، لا مشكلة.
188,يناسبني :),,اتفقنا!
189,مناسب لي :),,عظيم!
190,استمر :),,مستمر!
191,أخبرني أكثر :),,بسرور! إذن...
192,بالضبط :),,تماما!
193,هكذا! :),,هكذا!
194,بالطبع :),,بالطبع!
195,حقا؟ :),,نعم، حقا!
196,أوه، جميل :),,نعم، جميل، أليس كذلك؟
197,بدون توتر :),,شكرا! كل شيء هادئ.
198,آسف :),,لا مشكلة!
199,عذرا :),,لا مشكلة!
200,خطئي :),,لا بأس. ماذا حدث؟
201,لطيف منك :),,شكرا! وأنت لطيف أيضا.
202,عمل جيد :),,شكرا!
203,أراك قريبا :),,أراك قريبا!
204,عظيم! :),,عظيم!
205,ممتاز! :),,ممتاز!
206,اتفقنا :),,عظيم، اتفقنا!
207,تم! :),,تم!
208,هل نبدأ؟ :),,نعم، لنبدأ!
209,هل انتهيت؟ :),,نعم، انتهيت!
210,مرة أخرى من فضلك :),,بسرور، مرة أخرى!
211,كرر من فضلك :),,بالطبع، ها هو مجددا.
212,لحظة من فضلك :),,بالطبع، خذ وقتك.
213,انتظر ثانية :),,حسنا، أنتظر.
214,سأعود حالا :),,حسنا، أراك!
215,احك لي نكتة :),,بالطبع: لماذا يحب المبرمجون القهوة؟ وقت الجافا!
216,نكتة أخرى! :),,حسنا: لماذا تكذب الأشباح بسوء؟ لأنها شفافة!
217,نكتة قصيرة من فضلك :),,التقى مغناطيسان. قال أحدهما: أنت تجذبني!
218,شجعني :),,تستطيع! خطوة بخطوة.
219,شيء محفز :),,كل خطوة مهمة. استمر!
220,أنا متوتر :),,هذا طبيعي. تنفس بهدوء، ستنجح.
221,أنا مضغوط :),,خذ استراحة قصيرة، اشرب ماء، تنفس بعمق.
222,تمن لي الحظ :),,حظا سعيدا! تستطيع!
223,أصابع متقاطعة :),,وأنا أيضا! حظا سعيدا!
224,اليوم يومي! :),,عظيم! استمتع!
225,مزاجي جيد :),,جميل! سعيد بذلك.
226,مزاجي سيئ :),,أوه، ماذا حدث؟ تريد أن تتحدث؟
227,صافحني! :),,وأنا أيضا!
228,في صحتك! :),,في صحتك!
229,بالهناء والشفاء! :),,شكرا، لك أيضا!
230,حظا سعيدا! :),,شكرا! حظا سعيدا لك أيضا!
231,أهلا بك! :),,شكرا! سعيد بوجودي هنا.
232,عيد ميلاد مجيد! :),,عيد ميلاد مجيد لك أيضا!
233,سنة جديدة سعيدة! :),,سنة جديدة سعيدة! صحة وحظ!
234,مبروك! :),,شكرا! لماذا؟
235,احترام! :),,شكرا! واحترام لك.
236,واو! :),,واو، أليس كذلك؟
237,مدهش! :),,مدهش، أليس كذلك؟
238,اتفقنا؟ :),,اتفقنا!
239,أخيرا تم! :),,قوي! عمل جيد.
240,لا يهم :),,حسنا، لا مشكلة.
241,لا أعرف :),,لا مشكلة! ما الموضوع؟
242,لا فكرة :),,لا يهم! قل الموضوع.
243,ربما لاحقا :),,بالطبع، لاحقا!
244,ليس الآن :),,فهمت، لاحقا!
245,قف :),,توقفت.
246,استراحة :),,استراحة! قل متى نكمل.
247,هيا :),,هيا!
248,ابدأ :),,لنبدأ! تفضل.
249,شكرا، هذا كل شيء! :),,على الرحب! وداعا.
250,شكرا، وداعا! :),,وداعا!
251,تشاو! :),,تشاو! اعتن بنفسك!
252,هاي أنت! :),,هاي أنت! ما الأخبار؟
253,هل تسمعني؟ :),,نعم، بصوت عال وواضح!
254,هل أنت إنسان؟ :),,لا، أنا ذكاء اصطناعي. لكن أساعد كصديق.
255,هل أنت ذكي؟ :),,أعرف الكثير. اسأل!
256,ما اسمك؟ :),,أنا مساعد، ذكاء اصطناعي. وأنت؟
257,شكرا! !!,,على الرحب!
258,شكرا جزيلا! !!,,بكل سرور!
259,ألف شكر! !!,,سعيد أنني ساعدت!
260,تسلم! !!,,على الرحب!
261,حسنا !!,,حسنا!
262,حسنا، تمام !!,,ممتاز!
263,فهمت !!,,جيد جدا!
264,مفهوم !!,,عظيم!
265,يبدو جيدا !!,,سعيد بذلك!
266,يبدو رائعا !!,,مدهش!
267,نعم، بالضبط !!,,عظيم، لنكمل.
268,نعم، من فضلك !!,,بالطبع، تفضل.
269,نعم، بسرور !!,,بسرور!
270,لا مشكلة !!,,شكرا لتفهمك!
271,لا، شكرا !!,,حسنا، لا مشكلة.
272,يناسبني !!,,اتفقنا!
273,مناسب لي !!,,عظيم!
274,استمر !!,,مستمر!
275,أخبرني أكثر !!,,بسرور! إذن...
276,بالضبط !!,,تماما!
277,هكذا! !!,,هكذا!
278,بالطبع !!,,بالطبع!
279,حقا؟ !!,,نعم، حقا!
280,أوه، جميل !!,,نعم، جميل، أليس كذلك؟
281,بدون توتر !!,,شكرا! كل شيء هادئ.
282,آسف !!,,لا مشكلة!
283,عذرا !!,,لا مشكلة!
284,خطئي !!,,لا بأس. ماذا حدث؟
285,لطيف منك !!,,شكرا! وأنت لطيف أيضا.
286,عمل جيد !!,,شكرا!
287,أراك قريبا !!,,أراك قريبا!
288,عظيم! !!,,عظيم!
289,ممتاز! !!,,ممتاز!
290,اتفقنا !!,,عظيم، اتفقنا!
291,تم! !!,,تم!
292,هل نبدأ؟ !!,,نعم، لنبدأ!
293,هل انتهيت؟ !!,,نعم، انتهيت!
294,مرة أخرى من فضلك !!,,بسرور، مرة أخرى!
295,كرر من فضلك !!,,بالطبع، ها هو مجددا.
296,لحظة من فضلك !!,,بالطبع، خذ وقتك.
297,انتظر ثانية !!,,حسنا، أنتظر.
298,سأعود حالا !!,,حسنا، أراك!
299,احك لي نكتة !!,,بالطبع: لماذا يحب المبرمجون القهوة؟ وقت الجافا!
300,نكتة أخرى! !!,,حسنا: لماذا تكذب الأشباح بسوء؟ لأنها شفافة!
301,نكتة قصيرة من فضلك !!,,التقى مغناطيسان. قال أحدهما: أنت تجذبني!
302,شجعني !!,,تستطيع! خطوة بخطوة.
303,شيء محفز !!,,كل خطوة مهمة. استمر!
304,أنا متوتر !!,,هذا طبيعي. تنفس بهدوء، ستنجح.
305,أنا مضغوط !!,,خذ استراحة قصيرة، اشرب ماء، تنفس بعمق.
306,تمن لي الحظ !!,,حظا سعيدا! تستطيع!
307,أصابع متقاطعة !!,,وأنا أيضا! حظا سعيدا!
308,اليوم يومي! !!,,عظيم! استمتع!
309,مزاجي جيد !!,,جميل! سعيد بذلك.
310,مزاجي سيئ !!,,أوه، ماذا حدث؟ تريد أن تتحدث؟
311,صافحني! !!,,وأنا أيضا!
312,في صحتك! !!,,في صحتك!
313,بالهناء والشفاء! !!,,شكرا، لك أيضا!
314,حظا سعيدا! !!,,شكرا! حظا سعيدا لك أيضا!
315,أهلا بك! !!,,شكرا! سعيد بوجودي هنا.
316,عيد ميلاد مجيد! !!,,عيد ميلاد مجيد لك أيضا!
317,سنة جديدة سعيدة! !!,,سنة جديدة سعيدة! صحة وحظ!
318,مبروك! !!,,شكرا! لماذا؟
319,احترام! !!,,شكرا! واحترام لك.
320,واو! !!,,واو، أليس كذلك؟
321,مدهش! !!,,مدهش، أليس كذلك؟
322,اتفقنا؟ !!,,اتفقنا!
323,أخيرا تم! !!,,قوي! عمل جيد.
324,لا يهم !!,,حسنا، لا مشكلة.
325,لا أعرف !!,,لا مشكلة! ما الموضوع؟
326,لا فكرة !!,,لا يهم! قل الموضوع.
327,ربما لاحقا !!,,بالطبع، لاحقا!
328,ليس الآن !!,,فهمت، لاحقا!
329,قف !!,,توقفت.
330,استراحة !!,,استراحة! قل متى نكمل.
331,هيا !!,,هيا!
332,ابدأ !!,,لنبدأ! تفضل.
333,شكرا، هذا كل شيء! !!,,على الرحب! وداعا.
334,شكرا، وداعا! !!,,وداعا!
335,تشاو! !!,,تشاو! اعتن بنفسك!
336,هاي أنت! !!,,هاي أنت! ما الأخبار؟
337,هل تسمعني؟ !!,,نعم، بصوت عال وواضح!
338,هل أنت إنسان؟ !!,,لا، أنا ذكاء اصطناعي. لكن أساعد كصديق.
339,هل أنت ذكي؟ !!,,أعرف الكثير. اسأل!
340,ما اسمك؟ !!,,أنا مساعد، ذكاء اصطناعي. وأنت؟
341,شكرا! اليوم,,على الرحب!
342,شكرا جزيلا! اليوم,,بكل سرور!
343,ألف شكر! اليوم,,سعيد أنني ساعدت!
344,تسلم! اليوم,,على الرحب!
345,حسنا اليوم,,حسنا!
346,حسنا، تمام اليوم,,ممتاز!
347,فهمت اليوم,,جيد جدا!
348,مفهوم اليوم,,عظيم!
349,يبدو جيدا اليوم,,سعيد بذلك!
350,يبدو رائعا اليوم,,مدهش!
351,نعم، بالضبط اليوم,,عظيم، لنكمل.
352,نعم، من فضلك اليوم,,بالطبع، تفضل.
353,نعم، بسرور اليوم,,بسرور!
354,لا مشكلة اليوم,,شكرا لتفهمك!
355,لا، شكرا اليوم,,حسنا، لا مشكلة.
356,يناسبني اليوم,,اتفقنا!
357,مناسب لي اليوم,,عظيم!
358,استمر اليوم,,مستمر!
359,أخبرني أكثر اليوم,,بسرور! إذن...
360,بالضبط اليوم,,تماما!
361,هكذا! اليوم,,هكذا!
362,بالطبع اليوم,,بالطبع!
363,حقا؟ اليوم,,نعم، حقا!
364,أوه، جميل اليوم,,نعم، جميل، أليس كذلك؟
365,بدون توتر اليوم,,شكرا! كل شيء هادئ.
366,آسف اليوم,,لا مشكلة!
367,عذرا اليوم,,لا مشكلة!
368,خطئي اليوم,,لا بأس. ماذا حدث؟
369,لطيف منك اليوم,,شكرا! وأنت لطيف أيضا.
370,عمل جيد اليوم,,شكرا!
371,أراك قريبا اليوم,,أراك قريبا!
372,عظيم! اليوم,,عظيم!
373,ممتاز! اليوم,,ممتاز!
374,اتفقنا اليوم,,عظيم، اتفقنا!
375,تم! اليوم,,تم!
376,هل نبدأ؟ اليوم,,نعم، لنبدأ!
377,هل انتهيت؟ اليوم,,نعم، انتهيت!
378,مرة أخرى من فضلك اليوم,,بسرور، مرة أخرى!
379,كرر من فضلك اليوم,,بالطبع، ها هو مجددا.
380,لحظة من فضلك اليوم,,بالطبع، خذ وقتك.
381,انتظر ثانية اليوم,,حسنا، أنتظر.
382,سأعود حالا اليوم,,حسنا، أراك!
383,احك لي نكتة اليوم,,بالطبع: لماذا يحب المبرمجون القهوة؟ وقت الجافا!
384,نكتة أخرى! اليوم,,حسنا: لماذا تكذب الأشباح بسوء؟ لأنها شفافة!
385,نكتة قصيرة من فضلك اليوم,,التقى مغناطيسان. قال أحدهما: أنت تجذبني!
386,شجعني اليوم,,تستطيع! خطوة بخطوة.
387,شيء محفز اليوم,,كل خطوة مهمة. استمر!
388,أنا متوتر اليوم,,هذا طبيعي. تنفس بهدوء، ستنجح.
389,أنا مضغوط اليوم,,خذ استراحة قصيرة، اشرب ماء، تنفس بعمق.
390,تمن لي الحظ اليوم,,حظا سعيدا! تستطيع!
391,أصابع متقاطعة اليوم,,وأنا أيضا! حظا سعيدا!
392,اليوم يومي! اليوم,,عظيم! استمتع!
393,مزاجي جيد اليوم,,جميل! سعيد بذلك.
394,مزاجي سيئ اليوم,,أوه، ماذا حدث؟ تريد أن تتحدث؟
395,صافحني! اليوم,,وأنا أيضا!
396,في صحتك! اليوم,,في صحتك!
397,بالهناء والشفاء! اليوم,,شكرا، لك أيضا!
398,حظا سعيدا! اليوم,,شكرا! حظا سعيدا لك أيضا!
399,أهلا بك! اليوم,,شكرا! سعيد بوجودي هنا.
400,عيد ميلاد مجيد! اليوم,,عيد ميلاد مجيد لك أيضا!
401,ما هي عاصمة ألمانيا؟,معلومة: برلين هي عاصمة ألمانيا.,عاصمة ألمانيا هي برلين.
402,اذكر عاصمة ألمانيا.,ابحث: ألمانيا -> برلين.,عاصمة ألمانيا اسمها برلين.
403,عاصمة ألمانيا؟,معلومة سريعة: برلين.,برلين.
404,ما هي عاصمة فرنسا؟,معلومة: باريس هي عاصمة فرنسا.,عاصمة فرنسا هي باريس.
405,اذكر عاصمة فرنسا.,ابحث: فرنسا -> باريس.,عاصمة فرنسا اسمها باريس.
406,عاصمة فرنسا؟,معلومة سريعة: باريس.,باريس.
407,ما هي عاصمة إيطاليا؟,معلومة: روما هي عاصمة إيطاليا.,عاصمة إيطاليا هي روما.
408,اذكر عاصمة إيطاليا.,ابحث: إيطاليا -> روما.,عاصمة إيطاليا اسمها روما.
409,عاصمة إيطاليا؟,معلومة سريعة: روما.,روما.
410,ما هي عاصمة إسبانيا؟,معلومة: مدريد هي عاصمة إسبانيا.,عاصمة إسبانيا هي مدريد.
411,اذكر عاصمة إسبانيا.,ابحث: إسبانيا -> مدريد.,عاصمة إسبانيا اسمها مدريد.
412,عاصمة إسبانيا؟,معلومة سريعة: مدريد.,مدريد.
413,ما هي عاصمة البرتغال؟,معلومة: لشبونة هي عاصمة البرتغال.,عاصمة البرتغال هي لشبونة.
414,اذكر عاصمة البرتغال.,ابحث: البرتغال -> لشبونة.,عاصمة البرتغال اسمها لشبونة.
415,عاصمة البرتغال؟,معلومة سريعة: لشبونة.,لشبونة.
416,ما هي عاصمة هولندا؟,معلومة: أمستردام هي عاصمة هولندا.,عاصمة هولندا هي أمستردام.
417,اذكر عاصمة هولندا.,ابحث: هولندا -> أمستردام.,عاصمة هولندا اسمها أمستردام.
418,عاصمة هولندا؟,معلومة سريعة: أمستردام.,أمستردام.
419,ما هي عاصمة بلجيكا؟,معلومة: بروكسل هي عاصمة بلجيكا.,عاصمة بلجيكا هي بروكسل.
420,اذكر عاصمة بلجيكا.,ابحث: بلجيكا -> بروكسل.,عاصمة بلجيكا اسمها بروكسل.
421,عاصمة بلجيكا؟,معلومة سريعة: بروكسل.,بروكسل.
422,ما هي عاصمة النمسا؟,معلومة: فيينا هي عاصمة النمسا.,عاصمة النمسا هي فيينا.
423,اذكر عاصمة النمسا.,ابحث: النمسا -> فيينا.,عاصمة النمسا اسمها فيينا.
424,عاصمة النمسا؟,معلومة سريعة: فيينا.,فيينا.
425,ما هي عاصمة سويسرا؟,معلومة: برن هي عاصمة سويسرا.,عاصمة سويسرا هي برن.
426,اذكر عاصمة سويسرا.,ابحث: سويسرا -> برن.,عاصمة سويسرا اسمها برن.
427,عاصمة سويسرا؟,معلومة سريعة: برن.,برن.
428,ما هي عاصمة بولندا؟,معلومة: وارسو هي عاصمة بولندا.,عاصمة بولندا هي وارسو.
429,اذكر عاصمة بولندا.,ابحث: بولندا -> وارسو.,عاصمة بولندا اسمها وارسو.
430,عاصمة بولندا؟,معلومة سريعة: وارسو.,وارسو.
431,ما هي عاصمة التشيك؟,معلومة: براغ هي عاصمة التشيك.,عاصمة التشيك هي براغ.
432,اذكر عاصمة التشيك.,ابحث: التشيك -> براغ.,عاصمة التشيك اسمها براغ.
433,عاصمة التشيك؟,معلومة سريعة: براغ.,براغ.
434,ما هي عاصمة المجر؟,معلومة: بودابست هي عاصمة المجر.,عاصمة المجر هي بودابست.
435,اذكر عاصمة المجر.,ابحث: المجر -> بودابست.,عاصمة المجر اسمها بودابست.
436,عاصمة المجر؟,معلومة سريعة: بودابست.,بودابست.
437,ما هي عاصمة اليونان؟,معلومة: أثينا هي عاصمة اليونان.,عاصمة اليونان هي أثينا.
438,اذكر عاصمة اليونان.,ابحث: اليونان -> أثينا.,عاصمة اليونان اسمها أثينا.
439,عاصمة اليونان؟,معلومة سريعة: أثينا.,أثينا.
440,ما هي عاصمة تركيا؟,معلومة: أنقرة هي عاصمة تركيا.,عاصمة تركيا هي أنقرة.
441,اذكر عاصمة تركيا.,ابحث: تركيا -> أنقرة.,عاصمة تركيا اسمها أنقرة.
442,عاصمة تركيا؟,معلومة سريعة: أنقرة.,أنقرة.
443,ما هي عاصمة النرويج؟,معلومة: أوسلو هي عاصمة النرويج.,عاصمة النرويج هي أوسلو.
444,اذكر عاصمة النرويج.,ابحث: النرويج -> أوسلو.,عاصمة النرويج اسمها أوسلو.
445,عاصمة النرويج؟,معلومة سريعة: أوسلو.,أوسلو.
446,ما هي عاصمة السويد؟,معلومة: ستوكهولم هي عاصمة السويد.,عاصمة السويد هي ستوكهولم.
447,اذكر عاصمة السويد.,ابحث: السويد -> ستوكهولم.,عاصمة السويد اسمها ستوكهولم.
448,عاصمة السويد؟,معلومة سريعة: ستوكهولم.,ستوكهولم.
449,ما هي عاصمة فنلندا؟,معلومة: هلسنكي هي عاصمة فنلندا.,عاصمة فنلندا هي هلسنكي.
450,اذكر عاصمة فنلندا.,ابحث: فنلندا -> هلسنكي.,عاصمة فنلندا اسمها هلسنكي.
451,عاصمة فنلندا؟,معلومة سريعة: هلسنكي.,هلسنكي.
452,ما هي عاصمة الدنمارك؟,معلومة: كوبنهاغن هي عاصمة الدنمارك.,عاصمة الدنمارك هي كوبنهاغن.
453,اذكر عاصمة الدنمارك.,ابحث: الدنمارك -> كوبنهاغن.,عاصمة الدنمارك اسمها كوبنهاغن.
454,عاصمة الدنمارك؟,معلومة سريعة: كوبنهاغن.,كوبنهاغن.
455,ما هي عاصمة بريطانيا؟,معلومة: لندن هي عاصمة بريطانيا.,عاصمة بريطانيا هي لندن.
456,اذكر عاصمة بريطانيا.,ابحث: بريطانيا -> لندن.,عاصمة بريطانيا اسمها لندن.
457,عاصمة بريطانيا؟,معلومة سريعة: لندن.,لندن.
458,ما هي عاصمة أيرلندا؟,معلومة: دبلن هي عاصمة أيرلندا.,عاصمة أيرلندا هي دبلن.
459,اذكر عاصمة أيرلندا.,ابحث: أيرلندا -> دبلن.,عاصمة أيرلندا اسمها دبلن.
460,عاصمة أيرلندا؟,معلومة سريعة: دبلن.,دبلن.
461,ما هي عاصمة أمريكا؟,معلومة: واشنطن هي عاصمة أمريكا.,عاصمة أمريكا هي واشنطن.
462,اذكر عاصمة أمريكا.,ابحث: أمريكا -> واشنطن.,عاصمة أمريكا اسمها واشنطن.
463,عاصمة أمريكا؟,معلومة سريعة: واشنطن.,واشنطن.
464,ما هي عاصمة كندا؟,معلومة: أوتاوا هي عاصمة كندا.,عاصمة كندا هي أوتاوا.
465,اذكر عاصمة كندا.,ابحث: كندا -> أوتاوا.,عاصمة كندا اسمها أوتاوا.
466,عاصمة كندا؟,معلومة سريعة: أوتاوا.,أوتاوا.
467,ما هي عاصمة المكسيك؟,معلومة: مكسيكو هي عاصمة المكسيك.,عاصمة المكسيك هي مكسيكو.
468,اذكر عاصمة المكسيك.,ابحث: المكسيك -> مكسيكو.,عاصمة المكسيك اسمها مكسيكو.
469,عاصمة المكسيك؟,معلومة سريعة: مكسيكو.,مكسيكو.
470,ما هي عاصمة البرازيل؟,معلومة: برازيليا هي عاصمة البرازيل.,عاصمة البرازيل هي برازيليا.
471,اذكر عاصمة البرازيل.,ابحث: البرازيل -> برازيليا.,عاصمة البرازيل اسمها برازيليا.
472,عاصمة البرازيل؟,معلومة سريعة: برازيليا.,برازيليا.
473,ما هي عاصمة الأرجنتين؟,معلومة: بوينس آيرس هي عاصمة الأرجنتين.,عاصمة الأرجنتين هي بوينس آيرس.
474,اذكر عاصمة الأرجنتين.,ابحث: الأرجنتين -> بوينس آيرس.,عاصمة الأرجنتين اسمها بوينس آيرس.
475,عاصمة الأرجنتين؟,معلومة سريعة: بوينس آيرس.,بوينس آيرس.
476,ما هي عاصمة اليابان؟,معلومة: طوكيو هي عاصمة اليابان.,عاصمة اليابان هي طوكيو.
477,اذكر عاصمة اليابان.,ابحث: اليابان -> طوكيو.,عاصمة اليابان اسمها طوكيو.
478,عاصمة اليابان؟,معلومة سريعة: طوكيو.,طوكيو.
479,ما هي عاصمة الصين؟,معلومة: بكين هي عاصمة الصين.,عاصمة الصين هي بكين.
480,اذكر عاصمة الصين.,ابحث: الصين -> بكين.,عاصمة الصين اسمها بكين.
481,عاصمة الصين؟,معلومة سريعة: بكين.,بكين.
482,ما هي عاصمة الهند؟,معلومة: نيودلهي هي عاصمة الهند.,عاصمة الهند هي نيودلهي.
483,اذكر عاصمة الهند.,ابحث: الهند -> نيودلهي.,عاصمة الهند اسمها نيودلهي.
484,عاصمة الهند؟,معلومة سريعة: نيودلهي.,نيودلهي.
485,ما هي عاصمة أستراليا؟,معلومة: كانبرا هي عاصمة أستراليا.,عاصمة أستراليا هي كانبرا.
486,اذكر عاصمة أستراليا.,ابحث: أستراليا -> كانبرا.,عاصمة أستراليا اسمها كانبرا.
487,عاصمة أستراليا؟,معلومة سريعة: كانبرا.,كانبرا.
488,ما هي عاصمة مصر؟,معلومة: القاهرة هي عاصمة مصر.,عاصمة مصر هي القاهرة.
489,اذكر عاصمة مصر.,ابحث: مصر -> القاهرة.,عاصمة مصر اسمها القاهرة.
490,عاصمة مصر؟,معلومة سريعة: القاهرة.,القاهرة.
491,كم عدد ولايات ألمانيا؟,العد: 16 ولاية.,ألمانيا لديها 16 ولاية.
492,حدثني باختصار عن الولايات الألمانية.,العد: 16 ولاية.,ألمانيا لديها 16 ولاية.
493,كم يعيش في ألمانيا تقريبا؟,تقدير: 83-84 مليون.,يعيش في ألمانيا حوالي 83-84 مليون نسمة.
494,حدثني باختصار عن سكان ألمانيا.,تقدير: 83-84 مليون.,يعيش في ألمانيا حوالي 83-84 مليون نسمة.
495,ما اللغة في البرازيل؟,معلومة: البرتغالية.,في البرازيل يتحدثون البرتغالية.
496,حدثني باختصار عن لغة البرازيل.,معلومة: البرتغالية.,في البرازيل يتحدثون البرتغالية.
497,ما عملة اليابان؟,معلومة: الين.,عملة اليابان هي الين.
498,حدثني باختصار عن عملة اليابان.,معلومة: الين.,عملة اليابان هي الين.
499,ما عملة أمريكا؟,معلومة: الدولار الأمريكي.,عملة أمريكا هي الدولار الأمريكي.
500,حدثني باختصار عن عملة أمريكا.,معلومة: الدولار الأمريكي.,عملة أمريكا هي الدولار الأمريكي.
501,كم عدد القارات؟,النموذج الشائع: 7 قارات.,عادة نحسب 7 قارات: أفريقيا، أنتاركتيكا، آسيا، أستراليا، أوروبا، أمريكا الشمالية، أمريكا الجنوبية.
502,حدثني باختصار عن القارات.,النموذج الشائع: 7 قارات.,عادة نحسب 7 قارات: أفريقيا، أنتاركتيكا، آسيا، أستراليا، أوروبا، أمريكا الشمالية، أمريكا الجنوبية.
503,ما أطول نهر في العالم؟,النيل أو الأمازون، متنازع عليه.,متنازع عليه: يذكر النيل والأمازون، وكلاهما أكثر من 6500 كم.
504,حدثني باختصار عن أطول نهر.,النيل أو الأمازون، متنازع عليه.,متنازع عليه: يذكر النيل والأمازون، وكلاهما أكثر من 6500 كم.
505,ما أكبر دولة في العالم؟,معلومة: روسيا بالمساحة.,أكبر دولة بالمساحة هي روسيا.
506,حدثني باختصار عن أكبر دولة.,معلومة: روسيا بالمساحة.,أكبر دولة بالمساحة هي روسيا.
507,ما أكبر حيوان في العالم؟,معلومة: الحوت الأزرق.,أكبر حيوان في العالم هو الحوت الأزرق.
508,حدثني باختصار عن أكبر حيوان.,معلومة: الحوت الأزرق.,أكبر حيوان في العالم هو الحوت الأزرق.
509,كم عدد المحيطات؟,المعتاد: 5 محيطات.,هناك 5 محيطات: الأطلسي، الهادئ، الهندي، الجنوبي، والمتجمد الشمالي.
510,حدثني باختصار عن المحيطات.,المعتاد: 5 محيطات.,هناك 5 محيطات: الأطلسي، الهادئ، الهندي، الجنوبي، والمتجمد الشمالي.
511,ما أعلى جبل في العالم؟,معلومة: إفرست، 8848 م.,أعلى جبل هو إفرست، حوالي 8848 متر.
512,حدثني باختصار عن أعلى جبل.,معلومة: إفرست، 8848 م.,أعلى جبل هو إفرست، حوالي 8848 متر.
513,ما عاصمة كندا؟,معلومة: أوتاوا، ليست تورونتو.,عاصمة كندا هي أوتاوا.
514,حدثني باختصار عن عاصمة كندا.,معلومة: أوتاوا، ليست تورونتو.,عاصمة كندا هي أوتاوا.
515,ما عاصمة أستراليا؟,معلومة: كانبرا، ليست سيدني.,عاصمة أستراليا هي كانبرا.
516,حدثني باختصار عن عاصمة أستراليا.,معلومة: كانبرا، ليست سيدني.,عاصمة أستراليا هي كانبرا.
517,ما عاصمة تركيا؟,معلومة: أنقرة، ليست إسطنبول.,عاصمة تركيا هي أنقرة.
518,حدثني باختصار عن عاصمة تركيا.,معلومة: أنقرة، ليست إسطنبول.,عاصمة تركيا هي أنقرة.
519,ما عاصمة البرازيل؟,معلومة: برازيليا، ليست ريو.,عاصمة البرازيل هي برازيليا.
520,حدثني باختصار عن عاصمة البرازيل.,معلومة: برازيليا، ليست ريو.,عاصمة البرازيل هي برازيليا.
521,في أي سنة كان الهبوط على القمر؟,التاريخ: أبولو 11 سنة 1969.,أول هبوط على القمر كان سنة 1969 مع أبولو 11.
522,اشرح باختصار: الهبوط على القمر.,التاريخ: أبولو 11 سنة 1969.,أول هبوط على القمر كان سنة 1969 مع أبولو 11.
523,ماذا تعرف عن الهبوط على القمر؟,التاريخ: أبولو 11 سنة 1969.,أول هبوط على القمر كان سنة 1969 مع أبولو 11.
524,متى كانت الحرب العالمية الثانية؟,الفترة: 1939-1945.,الحرب العالمية الثانية دامت من 1939 إلى 1945.
525,اشرح باختصار: الحرب العالمية الثانية.,الفترة: 1939-1945.,الحرب العالمية الثانية دامت من 1939 إلى 1945.
526,ماذا تعرف عن الحرب العالمية الثانية؟,الفترة: 1939-1945.,الحرب العالمية الثانية دامت من 1939 إلى 1945.
527,متى كانت الحرب العالمية الأولى؟,الفترة: 1914-1918.,الحرب العالمية الأولى دامت من 1914 إلى 1918.
528,اشرح باختصار: الحرب العالمية الأولى.,الفترة: 1914-1918.,الحرب العالمية الأولى دامت من 1914 إلى 1918.
529,ماذا تعرف عن الحرب العالمية الأولى؟,الفترة: 1914-1918.,الحرب العالمية الأولى دامت من 1914 إلى 1918.
530,ما هو جدار برلين؟,التاريخ: الانقسام 1961-1989.,جدار برلين كان الحدود المحصنة بين برلين الشرقية والغربية من 1961 إلى 1989.
531,اشرح باختصار: جدار برلين.,التاريخ: الانقسام 1961-1989.,جدار برلين كان الحدود المحصنة بين برلين الشرقية والغربية من 1961 إلى 1989.
532,ماذا تعرف عن جدار برلين؟,التاريخ: الانقسام 1961-1989.,جدار برلين كان الحدود المحصنة بين برلين الشرقية والغربية من 1961 إلى 1989.
533,متى سقط جدار برلين؟,معلومة: 9 نوفمبر 1989.,سقط جدار برلين في 9 نوفمبر 1989.
534,اشرح باختصار: سقوط الجدار.,معلومة: 9 نوفمبر 1989.,سقط جدار برلين في 9 نوفمبر 1989.
535,ماذا تعرف عن سقوط الجدار؟,معلومة: 9 نوفمبر 1989.,سقط جدار برلين في 9 نوفمبر 1989.
536,من اخترع الهاتف؟,التاريخ: بيل 1876، أعمال موتشي.,سجل براءة الهاتف ألكسندر غراهام بيل سنة 1876، مع أعمال أنطونيو موتشي.
537,اشرح باختصار: الهاتف.,التاريخ: بيل 1876، أعمال موتشي.,سجل براءة الهاتف ألكسندر غراهام بيل سنة 1876، مع أعمال أنطونيو موتشي.
538,ماذا تعرف عن الهاتف؟,التاريخ: بيل 1876، أعمال موتشي.,سجل براءة الهاتف ألكسندر غراهام بيل سنة 1876، مع أعمال أنطونيو موتشي.
539,من طور النسبية؟,الفيزياء: ألبرت أينشتاين، 1905 و1915.,طور النسبية ألبرت أينشتاين.
540,اشرح باختصار: النسبية.,الفيزياء: ألبرت أينشتاين، 1905 و1915.,طور النسبية ألبرت أينشتاين.
541,ماذا تعرف عن النسبية؟,الفيزياء: ألبرت أينشتاين، 1905 و1915.,طور النسبية ألبرت أينشتاين.
542,ما هي الديمقراطية؟,تعريف: حكم الشعب، انتخابات، حقوق.,الديمقراطية تعني حكم الشعب، عادة بانتخابات حرة وحقوق أساسية.
543,اشرح باختصار: الديمقراطية.,تعريف: حكم الشعب، انتخابات، حقوق.,الديمقراطية تعني حكم الشعب، عادة بانتخابات حرة وحقوق أساسية.
544,ماذا تعرف عن الديمقراطية؟,تعريف: حكم الشعب، انتخابات، حقوق.,الديمقراطية تعني حكم الشعب، عادة بانتخابات حرة وحقوق أساسية.
545,ما هو الاتحاد الأوروبي؟,اتحاد دول أوروبية، سوق واحدة.,الاتحاد الأوروبي اتحاد دول أوروبية بسوق واحدة ومؤسسات مشتركة.
546,اشرح باختصار: الاتحاد الأوروبي.,اتحاد دول أوروبية، سوق واحدة.,الاتحاد الأوروبي اتحاد دول أوروبية بسوق واحدة ومؤسسات مشتركة.
547,ماذا تعرف عن الاتحاد الأوروبي؟,اتحاد دول أوروبية، سوق واحدة.,الاتحاد الأوروبي اتحاد دول أوروبية بسوق واحدة ومؤسسات مشتركة.
548,كم دولة في الاتحاد الأوروبي؟,معلومة: 27 دولة عضوا.,في الاتحاد الأوروبي 27 دولة عضوا.
549,اشرح باختصار: أعضاء الاتحاد.,معلومة: 27 دولة عضوا.,في الاتحاد الأوروبي 27 دولة عضوا.
550,ماذا تعرف عن أعضاء الاتحاد؟,معلومة: 27 دولة عضوا.,في الاتحاد الأوروبي 27 دولة عضوا.
551,ما هو القانون الأساسي الألماني؟,الدستور منذ 1949.,القانون الأساسي هو دستور ألمانيا، سار منذ 1949.
552,اشرح باختصار: القانون الأساسي.,الدستور منذ 1949.,القانون الأساسي هو دستور ألمانيا، سار منذ 1949.
553,ماذا تعرف عن القانون الأساسي؟,الدستور منذ 1949.,القانون الأساسي هو دستور ألمانيا، سار منذ 1949.
554,في أي سنة توحدت ألمانيا؟,معلومة: 1990.,توحدت ألمانيا سنة 1990.
555,اشرح باختصار: إعادة التوحيد.,معلومة: 1990.,توحدت ألمانيا سنة 1990.
556,ماذا تعرف عن إعادة التوحيد؟,معلومة: 1990.,توحدت ألمانيا سنة 1990.
557,ما هي العصور الوسطى؟,الحقبة: حوالي 500-1500.,العصور الوسطى حقبة حوالي 500-1500، بين القديم والحديث.
558,اشرح باختصار: العصور الوسطى.,الحقبة: حوالي 500-1500.,العصور الوسطى حقبة حوالي 500-1500، بين القديم والحديث.
559,ماذا تعرف عن العصور الوسطى؟,الحقبة: حوالي 500-1500.,العصور الوسطى حقبة حوالي 500-1500، بين القديم والحديث.
560,من هو ليوناردو دا فينشي؟,فنان ومخترع إيطالي، الموناليزا.,ليوناردو دا فينشي فنان ومخترع إيطالي، مشهور بالموناليزا.
561,اشرح باختصار: دا فينشي.,فنان ومخترع إيطالي، الموناليزا.,ليوناردو دا فينشي فنان ومخترع إيطالي، مشهور بالموناليزا.
562,ماذا تعرف عن دا فينشي؟,فنان ومخترع إيطالي، الموناليزا.,ليوناردو دا فينشي فنان ومخترع إيطالي، مشهور بالموناليزا.
563,من هي ماري كوري؟,فيزيائية، إشعاع، جائزتا نوبل.,ماري كوري درست الإشعاع وفازت بجائزتي نوبل.
564,اشرح باختصار: ماري كوري.,فيزيائية، إشعاع، جائزتا نوبل.,ماري كوري درست الإشعاع وفازت بجائزتي نوبل.
565,ماذا تعرف عن ماري كوري؟,فيزيائية، إشعاع، جائزتا نوبل.,ماري كوري درست الإشعاع وفازت بجائزتي نوبل.
566,ما هي الثورة الفرنسية؟,منذ 1789، حرية مساواة إخاء.,الثورة الفرنسية منذ 1789 أسقطت الملكية تحت الحرية والمساواة والإخاء.
567,اشرح باختصار: الثورة الفرنسية.,منذ 1789، حرية مساواة إخاء.,الثورة الفرنسية منذ 1789 أسقطت الملكية تحت الحرية والمساواة والإخاء.
568,ماذا تعرف عن الثورة الفرنسية؟,منذ 1789، حرية مساواة إخاء.,الثورة الفرنسية منذ 1789 أسقطت الملكية تحت الحرية والمساواة والإخاء.
569,ما هي حقوق الإنسان؟,حقوق أساسية عالمية.,حقوق الإنسان حقوق أساسية لكل شخص، كالحياة والحرية والمساواة.
570,اشرح باختصار: حقوق الإنسان.,حقوق أساسية عالمية.,حقوق الإنسان حقوق أساسية لكل شخص، كالحياة والحرية والمساواة.
571,ماذا تعرف عن حقوق الإنسان؟,حقوق أساسية عالمية.,حقوق الإنسان حقوق أساسية لكل شخص، كالحياة والحرية والمساواة.
572,ما هو التضخم؟,الاقتصاد: المال يفقد القيمة، الأسعار ترتفع.,التضخم يعني ارتفاع الأسعار وفقدان المال قيمته.
573,اشرح باختصار: التضخم.,الاقتصاد: المال يفقد القيمة، الأسعار ترتفع.,التضخم يعني ارتفاع الأسعار وفقدان المال قيمته.
574,ماذا تعرف عن التضخم؟,الاقتصاد: المال يفقد القيمة، الأسعار ترتفع.,التضخم يعني ارتفاع الأسعار وفقدان المال قيمته.
575,ما هو التصنيع؟,آلات ومصانع منذ القرن 18.,التصنيع هو التحول إلى الآلات والمصانع منذ القرن 18.
576,اشرح باختصار: التصنيع.,آلات ومصانع منذ القرن 18.,التصنيع هو التحول إلى الآلات والمصانع منذ القرن 18.
577,ماذا تعرف عن التصنيع؟,آلات ومصانع منذ القرن 18.,التصنيع هو التحول إلى الآلات والمصانع منذ القرن 18.
578,متى اخترع الإنترنت؟,أربانت 1969، الويب 1989.,الأسس أربانت سنة 1969، الويب منذ 1989.
579,اشرح باختصار: الإنترنت.,أربانت 1969، الويب 1989.,الأسس أربانت سنة 1969، الويب منذ 1989.
580,ماذا تعرف عن الإنترنت؟,أربانت 1969، الويب 1989.,الأسس أربانت سنة 1969، الويب منذ 1989.
581,متى اخترعت السيارة؟,بنز 1886.,اخترع السيارة كارل بنز بسيارة 1886.
582,اشرح باختصار: السيارة.,بنز 1886.,اخترع السيارة كارل بنز بسيارة 1886.
583,ماذا تعرف عن السيارة؟,بنز 1886.,اخترع السيارة كارل بنز بسيارة 1886.
584,من اخترع الطائرة؟,الأخوان رايت، طيران 1903.,أول طيران بمحرك قام به الأخوان رايت سنة 1903.
585,اشرح باختصار: الطائرة.,الأخوان رايت، طيران 1903.,أول طيران بمحرك قام به الأخوان رايت سنة 1903.
586,ماذا تعرف عن الطائرة؟,الأخوان رايت، طيران 1903.,أول طيران بمحرك قام به الأخوان رايت سنة 1903.
587,من أي سن يصوت في ألمانيا؟,البوندستاغ من 18، الأوروبي من 16.,للبوندستاغ من 18 سنة. في الأوروبي بألمانيا من 16.
588,اشرح باختصار: سن التصويت.,البوندستاغ من 18، الأوروبي من 16.,للبوندستاغ من 18 سنة. في الأوروبي بألمانيا من 16.
589,ماذا تعرف عن سن التصويت؟,البوندستاغ من 18، الأوروبي من 16.,للبوندستاغ من 18 سنة. في الأوروبي بألمانيا من 16.
590,كيف تعمل الانتخابات، ببساطة؟,الناخبون يصوتون، الفرز، المقاعد.,الناخبون يصوتون، تحصى الأصوات وتوزع المقاعد حسب النتيجة.
591,اشرح باختصار: الانتخابات.,الناخبون يصوتون، الفرز، المقاعد.,الناخبون يصوتون، تحصى الأصوات وتوزع المقاعد حسب النتيجة.
592,ماذا تعرف عن الانتخابات؟,الناخبون يصوتون، الفرز، المقاعد.,الناخبون يصوتون، تحصى الأصوات وتوزع المقاعد حسب النتيجة.
593,ما الفرق بين الديكتاتورية والديمقراطية؟,حكم فردي ضد حكم الشعب.,في الديكتاتورية يحكم شخص أو جماعة دون انتخابات حرة؛ في الديمقراطية السلطة من الشعب.
594,اشرح باختصار: الديكتاتورية والديمقراطية.,حكم فردي ضد حكم الشعب.,في الديكتاتورية يحكم شخص أو جماعة دون انتخابات حرة؛ في الديمقراطية السلطة من الشعب.
595,ماذا تعرف عن الديكتاتورية والديمقراطية؟,حكم فردي ضد حكم الشعب.,في الديكتاتورية يحكم شخص أو جماعة دون انتخابات حرة؛ في الديمقراطية السلطة من الشعب.
596,ماذا تعني الاستدامة؟,موارد للأجيال القادمة.,الاستدامة تعني العيش ليبقى للأجيال القادمة موارد.
597,اشرح باختصار: الاستدامة.,موارد للأجيال القادمة.,الاستدامة تعني العيش ليبقى للأجيال القادمة موارد.
598,ماذا تعرف عن الاستدامة؟,موارد للأجيال القادمة.,الاستدامة تعني العيش ليبقى للأجيال القادمة موارد.
599,ما هو التنمر وماذا نفعل؟,متكرر؛ مساعدة، أدلة.,التنمر إساءة متكررة. تحدث مع موثوقين، احفظ الأدلة، اطلب المساعدة.
600,اشرح باختصار: التنمر.,متكرر؛ مساعدة، أدلة.,التنمر إساءة متكررة. تحدث مع موثوقين، احفظ الأدلة، اطلب المساعدة.
601,ماذا تعرف عن التنمر؟,متكرر؛ مساعدة، أدلة.,التنمر إساءة متكررة. تحدث مع موثوقين، احفظ الأدلة، اطلب المساعدة.
602,ماذا يعني السلام؟,العيش دون حرب وعنف.,السلام يعني العيش معا دون حرب وعنف.
603,اشرح باختصار: السلام.,العيش دون حرب وعنف.,السلام يعني العيش معا دون حرب وعنف.
604,ماذا تعرف عن السلام؟,العيش دون حرب وعنف.,السلام يعني العيش معا دون حرب وعنف.
605,ماذا تعني الحرية؟,العيش حرا دون إيذاء الآخرين.,الحرية تعني العيش حرا دون إيذاء الآخرين.
606,اشرح باختصار: الحرية.,العيش حرا دون إيذاء الآخرين.,الحرية تعني العيش حرا دون إيذاء الآخرين.
607,ماذا تعرف عن الحرية؟,العيش حرا دون إيذاء الآخرين.,الحرية تعني العيش حرا دون إيذاء الآخرين.
608,ماذا تعني العدالة؟,معاملة عادلة ومتساوية للجميع.,العدالة تعني معاملة عادلة ومتساوية لكل شخص.
609,اشرح باختصار: العدالة.,معاملة عادلة ومتساوية للجميع.,العدالة تعني معاملة عادلة ومتساوية لكل شخص.
610,ماذا تعرف عن العدالة؟,معاملة عادلة ومتساوية للجميع.,العدالة تعني معاملة عادلة ومتساوية لكل شخص.
611,لماذا السماء زرقاء؟,تشتت رايلي يشتت الأزرق.,السماء زرقاء بسبب تشتت رايلي: الضوء الأزرق يتشتت أكثر من الأحمر.
612,اشرح السماء الزرقاء في جملة واحدة.,تشتت رايلي يشتت الأزرق.,السماء زرقاء بسبب تشتت رايلي: الضوء الأزرق يتشتت أكثر من الأحمر.
613,ما هو السماء الزرقاء؟ (باختصار),تشتت رايلي يشتت الأزرق.,السماء زرقاء بسبب تشتت رايلي: الضوء الأزرق يتشتت أكثر من الأحمر.
614,كيف يتكون المطر؟,الدورة: تبخر، تكاثف، هطول.,يتكون المطر بالتبخر: الماء يصعد، يبرد، يكون الغيوم ويسقط قطرات.
615,اشرح المطر في جملة واحدة.,الدورة: تبخر، تكاثف، هطول.,يتكون المطر بالتبخر: الماء يصعد، يبرد، يكون الغيوم ويسقط قطرات.
616,ما هو المطر؟ (باختصار),الدورة: تبخر، تكاثف، هطول.,يتكون المطر بالتبخر: الماء يصعد، يبرد، يكون الغيوم ويسقط قطرات.
617,ما هو التمثيل الضوئي؟,النباتات: ضوء، ماء، CO2 إلى سكر وأكسجين.,التمثيل الضوئي يصنع السكر والأكسجين من الضوء والماء وCO2.
618,اشرح التمثيل الضوئي في جملة واحدة.,النباتات: ضوء، ماء، CO2 إلى سكر وأكسجين.,التمثيل الضوئي يصنع السكر والأكسجين من الضوء والماء وCO2.
619,ما هو التمثيل الضوئي؟ (باختصار),النباتات: ضوء، ماء، CO2 إلى سكر وأكسجين.,التمثيل الضوئي يصنع السكر والأكسجين من الضوء والماء وCO2.
620,ما الفرق بين الطقس والمناخ؟,الطقس قصير، المناخ متوسط 30 سنة.,الطقس حالة قصيرة؛ المناخ متوسط حوالي 30 سنة.
621,اشرح الطقس والمناخ في جملة واحدة.,الطقس قصير، المناخ متوسط 30 سنة.,الطقس حالة قصيرة؛ المناخ متوسط حوالي 30 سنة.
622,ما هو الطقس والمناخ؟ (باختصار),الطقس قصير، المناخ متوسط 30 سنة.,الطقس حالة قصيرة؛ المناخ متوسط حوالي 30 سنة.
623,كيف تعمل الثلاجة، باختصار؟,مبرد، الحرارة من الداخل للخارج.,الثلاجة تضخ الحرارة من الداخل للخارج بمبرد: يتبخر داخلها، يأخذ الحرارة، يطلقها خارجا.
624,اشرح الثلاجة في جملة واحدة.,مبرد، الحرارة من الداخل للخارج.,الثلاجة تضخ الحرارة من الداخل للخارج بمبرد: يتبخر داخلها، يأخذ الحرارة، يطلقها خارجا.
625,ما هو الثلاجة؟ (باختصار),مبرد، الحرارة من الداخل للخارج.,الثلاجة تضخ الحرارة من الداخل للخارج بمبرد: يتبخر داخلها، يأخذ الحرارة، يطلقها خارجا.
626,ما هي الكهرباء، ببساطة؟,حركة موجهة للإلكترونات.,الكهرباء ببساطة حركة موجهة للشحنات، عادة إلكترونات في سلك.
627,اشرح الكهرباء في جملة واحدة.,حركة موجهة للإلكترونات.,الكهرباء ببساطة حركة موجهة للشحنات، عادة إلكترونات في سلك.
628,ما هو الكهرباء؟ (باختصار),حركة موجهة للإلكترونات.,الكهرباء ببساطة حركة موجهة للشحنات، عادة إلكترونات في سلك.
629,ما هو الماء، كيميائيا؟,H2O، هيدروجين وأكسجين.,الماء هو H2O، مركب من الهيدروجين والأكسجين.
630,اشرح الماء كيميائيا في جملة واحدة.,H2O، هيدروجين وأكسجين.,الماء هو H2O، مركب من الهيدروجين والأكسجين.
631,ما هو الماء كيميائيا؟ (باختصار),H2O، هيدروجين وأكسجين.,الماء هو H2O، مركب من الهيدروجين والأكسجين.
632,ما هو الفيروس؟,صغير جدا، يحتاج خلية مضيفة.,الفيروس عامل صغير لا يتكاثر دون خلية مضيفة.
633,اشرح الفيروس في جملة واحدة.,صغير جدا، يحتاج خلية مضيفة.,الفيروس عامل صغير لا يتكاثر دون خلية مضيفة.
634,ما هو الفيروس؟ (باختصار),صغير جدا، يحتاج خلية مضيفة.,الفيروس عامل صغير لا يتكاثر دون خلية مضيفة.
635,ما هو الذكاء الاصطناعي، ببساطة؟,برامج تتعلم الأنماط.,الذكاء الاصطناعي برامج تتعلم من البيانات، تعرف الأنماط وتحل المهام.
636,اشرح الذكاء الاصطناعي في جملة واحدة.,برامج تتعلم الأنماط.,الذكاء الاصطناعي برامج تتعلم من البيانات، تعرف الأنماط وتحل المهام.
637,ما هو الذكاء الاصطناعي؟ (باختصار),برامج تتعلم الأنماط.,الذكاء الاصطناعي برامج تتعلم من البيانات، تعرف الأنماط وتحل المهام.
638,ما هو المتصفح؟,برنامج للمواقع، مثل كروم وفايرفوكس.,المتصفح برنامج لفتح المواقع، مثل كروم وفايرفوكس وإيدج وسفاري.
639,اشرح المتصفح في جملة واحدة.,برنامج للمواقع، مثل كروم وفايرفوكس.,المتصفح برنامج لفتح المواقع، مثل كروم وفايرفوكس وإيدج وسفاري.
640,ما هو المتصفح؟ (باختصار),برنامج للمواقع، مثل كروم وفايرفوكس.,المتصفح برنامج لفتح المواقع، مثل كروم وفايرفوكس وإيدج وسفاري.
641,ما هو التطبيق؟,برنامج، عادة للهواتف.,التطبيق برنامج، عادة للهواتف، مثل الرسائل والصور والألعاب.
642,اشرح التطبيق في جملة واحدة.,برنامج، عادة للهواتف.,التطبيق برنامج، عادة للهواتف، مثل الرسائل والصور والألعاب.
643,ما هو التطبيق؟ (باختصار),برنامج، عادة للهواتف.,التطبيق برنامج، عادة للهواتف، مثل الرسائل والصور والألعاب.
644,لماذا نشرب الماء؟,الدورة، التركيز، الجلد، الكلى.,الماء يثبت الدورة والتركيز، يساعد الكلى والجلد، يمنع الصداع.
645,اشرح شرب الماء في جملة واحدة.,الدورة، التركيز، الجلد، الكلى.,الماء يثبت الدورة والتركيز، يساعد الكلى والجلد، يمنع الصداع.
646,ما هو شرب الماء؟ (باختصار),الدورة، التركيز، الجلد، الكلى.,الماء يثبت الدورة والتركيز، يساعد الكلى والجلد، يمنع الصداع.
647,كم ننظف الأسنان؟,دقيقتان، مرتين يوميا.,حوالي دقيقتين، مرتين يوميا.
648,اشرح تنظيف الأسنان في جملة واحدة.,دقيقتان، مرتين يوميا.,حوالي دقيقتين، مرتين يوميا.
649,ما هو تنظيف الأسنان؟ (باختصار),دقيقتان، مرتين يوميا.,حوالي دقيقتين، مرتين يوميا.
650,ما هي الجاذبية؟,جذب الكتل؛ الأرض تجذب.,الجاذبية جذب الكتل. الأرض تجذب كل شيء للأسفل، لذلك تسقط الأشياء.
651,اشرح الجاذبية في جملة واحدة.,جذب الكتل؛ الأرض تجذب.,الجاذبية جذب الكتل. الأرض تجذب كل شيء للأسفل، لذلك تسقط الأشياء.
652,ما هو الجاذبية؟ (باختصار),جذب الكتل؛ الأرض تجذب.,الجاذبية جذب الكتل. الأرض تجذب كل شيء للأسفل، لذلك تسقط الأشياء.
653,ما هو الهواء؟,خليط نيتروجين وأكسجين وغيرهما.,الهواء خليط غازات، معظمه نيتروجين وأكسجين.
654,اشرح الهواء في جملة واحدة.,خليط نيتروجين وأكسجين وغيرهما.,الهواء خليط غازات، معظمه نيتروجين وأكسجين.
655,ما هو الهواء؟ (باختصار),خليط نيتروجين وأكسجين وغيرهما.,الهواء خليط غازات، معظمه نيتروجين وأكسجين.
656,ماذا يفعل القلب؟,يضخ الدم في الجسم.,القلب يضخ الدم في كل الجسم.
657,اشرح القلب في جملة واحدة.,يضخ الدم في الجسم.,القلب يضخ الدم في كل الجسم.
658,ما هو القلب؟ (باختصار),يضخ الدم في الجسم.,القلب يضخ الدم في كل الجسم.
659,ماذا تفعل الرئتان؟,تأخذان الأكسجين، تطلقان CO2.,الرئتان تأخذان الأكسجين وتطلقان ثاني أكسيد الكربون.
660,اشرح الرئتان في جملة واحدة.,تأخذان الأكسجين، تطلقان CO2.,الرئتان تأخذان الأكسجين وتطلقان ثاني أكسيد الكربون.
661,ما هو الرئتان؟ (باختصار),تأخذان الأكسجين، تطلقان CO2.,الرئتان تأخذان الأكسجين وتطلقان ثاني أكسيد الكربون.
662,لماذا النوم مهم؟,التعافي، الذاكرة، المناعة.,النوم يساعد التعافي والذاكرة والمناعة.
663,اشرح النوم في جملة واحدة.,التعافي، الذاكرة، المناعة.,النوم يساعد التعافي والذاكرة والمناعة.
664,ما هو النوم؟ (باختصار),التعافي، الذاكرة، المناعة.,النوم يساعد التعافي والذاكرة والمناعة.
665,ما هي الحمى؟,حرارة مرتفعة كدفاع.,الحمى حرارة مرتفعة للجسم، غالبا دفاع ضد العدوى.
666,اشرح الحمى في جملة واحدة.,حرارة مرتفعة كدفاع.,الحمى حرارة مرتفعة للجسم، غالبا دفاع ضد العدوى.
667,ما هو الحمى؟ (باختصار),حرارة مرتفعة كدفاع.,الحمى حرارة مرتفعة للجسم، غالبا دفاع ضد العدوى.
668,ما هي كلمة السر القوية؟,طويلة، فريدة، في مدير.,كلمة السر القوية طويلة، فريدة لكل خدمة ومحفوظة في مدير.
669,اشرح كلمة سر قوية في جملة واحدة.,طويلة، فريدة، في مدير.,كلمة السر القوية طويلة، فريدة لكل خدمة ومحفوظة في مدير.
670,ما هو كلمة سر قوية؟ (باختصار),طويلة، فريدة، في مدير.,كلمة السر القوية طويلة، فريدة لكل خدمة ومحفوظة في مدير.
671,ما هو الواي فاي؟,شبكة محلية لاسلكية.,الواي فاي شبكة محلية لاسلكية للإنترنت دون أسلاك.
672,اشرح واي فاي في جملة واحدة.,شبكة محلية لاسلكية.,الواي فاي شبكة محلية لاسلكية للإنترنت دون أسلاك.
673,ما هو واي فاي؟ (باختصار),شبكة محلية لاسلكية.,الواي فاي شبكة محلية لاسلكية للإنترنت دون أسلاك.
674,ما هي السحابة؟,خوادم على الإنترنت للبيانات والخدمات.,السحابة خوادم على الإنترنت تخزن فيها البيانات وتستخدم الخدمات.
675,اشرح السحابة في جملة واحدة.,خوادم على الإنترنت للبيانات والخدمات.,السحابة خوادم على الإنترنت تخزن فيها البيانات وتستخدم الخدمات.
676,ما هو السحابة؟ (باختصار),خوادم على الإنترنت للبيانات والخدمات.,السحابة خوادم على الإنترنت تخزن فيها البيانات وتستخدم الخدمات.
677,كيف يعمل GPS؟,أقمار، زمن الإشارة، حساب.,يحدد GPS الموقع بإشارات الأقمار وزمن رحلتها.
678,اشرح GPS في جملة واحدة.,أقمار، زمن الإشارة، حساب.,يحدد GPS الموقع بإشارات الأقمار وزمن رحلتها.
679,ما هو GPS؟ (باختصار),أقمار، زمن الإشارة، حساب.,يحدد GPS الموقع بإشارات الأقمار وزمن رحلتها.
680,لماذا يوجد ليل ونهار؟,دوران الأرض.,الليل والنهار لأن الأرض تدور. جهة الشمس نهار، والأخرى ليل.
681,اشرح الليل والنهار في جملة واحدة.,دوران الأرض.,الليل والنهار لأن الأرض تدور. جهة الشمس نهار، والأخرى ليل.
682,ما هو الليل والنهار؟ (باختصار),دوران الأرض.,الليل والنهار لأن الأرض تدور. جهة الشمس نهار، والأخرى ليل.
683,لماذا توجد فصول؟,ميل محور الأرض.,الفصول من ميل المحور: كل نصف يميل للشمس بدوره.
684,اشرح الفصول في جملة واحدة.,ميل محور الأرض.,الفصول من ميل المحور: كل نصف يميل للشمس بدوره.
685,ما هو الفصول؟ (باختصار),ميل محور الأرض.,الفصول من ميل المحور: كل نصف يميل للشمس بدوره.
686,لماذا يضيء القمر؟,يعكس الشمس.,يضيء القمر لأنه يعكس ضوء الشمس.
687,اشرح القمر المضيء في جملة واحدة.,يعكس الشمس.,يضيء القمر لأنه يعكس ضوء الشمس.
688,ما هو القمر المضيء؟ (باختصار),يعكس الشمس.,يضيء القمر لأنه يعكس ضوء الشمس.
689,ما هي الشمس؟,نجم من غاز ساخن.,الشمس نجم من غاز ساخن يعطي الضوء والحرارة.
690,اشرح الشمس في جملة واحدة.,نجم من غاز ساخن.,الشمس نجم من غاز ساخن يعطي الضوء والحرارة.
691,ما هو الشمس؟ (باختصار),نجم من غاز ساخن.,الشمس نجم من غاز ساخن يعطي الضوء والحرارة.
692,كم كوكبا في المجموعة الشمسية؟,8 كواكب.,في مجموعتنا 8 كواكب: عطارد، الزهرة، الأرض، المريخ، المشتري، زحل، أورانوس، نبتون.
693,اشرح الكواكب في جملة واحدة.,8 كواكب.,في مجموعتنا 8 كواكب: عطارد، الزهرة، الأرض، المريخ، المشتري، زحل، أورانوس، نبتون.
694,ما هو الكواكب؟ (باختصار),8 كواكب.,في مجموعتنا 8 كواكب: عطارد، الزهرة، الأرض، المريخ، المشتري، زحل، أورانوس، نبتون.
695,ما هي الذرة؟,أصغر وحدة: نواة زائد إلكترونات.,الذرة أصغر وحدة للمادة، من نواة وإلكترونات.
696,اشرح الذرة في جملة واحدة.,أصغر وحدة: نواة زائد إلكترونات.,الذرة أصغر وحدة للمادة، من نواة وإلكترونات.
697,ما هو الذرة؟ (باختصار),أصغر وحدة: نواة زائد إلكترونات.,الذرة أصغر وحدة للمادة، من نواة وإلكترونات.
698,ما هي إعادة التدوير؟,جمع النفايات، صنع منتجات جديدة.,إعادة التدوير تجمع النفايات لصنع منتجات جديدة.
699,اشرح إعادة التدوير في جملة واحدة.,جمع النفايات، صنع منتجات جديدة.,إعادة التدوير تجمع النفايات لصنع منتجات جديدة.
700,ما هو إعادة التدوير؟ (باختصار),جمع النفايات، صنع منتجات جديدة.,إعادة التدوير تجمع النفايات لصنع منتجات جديدة.
701,ما هو الاحتباس الحراري؟,الغازات تحبس الحرارة.,الاحتباس الحراري يحبس الحرارة. كثرة الغازات تدفئ المناخ.
702,اشرح الاحتباس الحراري في جملة واحدة.,الغازات تحبس الحرارة.,الاحتباس الحراري يحبس الحرارة. كثرة الغازات تدفئ المناخ.
703,ما هو الاحتباس الحراري؟ (باختصار),الغازات تحبس الحرارة.,الاحتباس الحراري يحبس الحرارة. كثرة الغازات تدفئ المناخ.
704,لماذا النحل مهم؟,التلقيح، المحاصيل.,النحل يلقح النباتات، فيحفظ المحاصيل والتنوع.
705,اشرح النحل في جملة واحدة.,التلقيح، المحاصيل.,النحل يلقح النباتات، فيحفظ المحاصيل والتنوع.
706,ما هو النحل؟ (باختصار),التلقيح، المحاصيل.,النحل يلقح النباتات، فيحفظ المحاصيل والتنوع.
707,لماذا الأوراق خضراء؟,صبغة الكلوروفيل.,الأوراق خضراء بسبب الكلوروفيل، صبغة التمثيل الضوئي.
708,اشرح الأوراق الخضراء في جملة واحدة.,صبغة الكلوروفيل.,الأوراق خضراء بسبب الكلوروفيل، صبغة التمثيل الضوئي.
709,ما هو الأوراق الخضراء؟ (باختصار),صبغة الكلوروفيل.,الأوراق خضراء بسبب الكلوروفيل، صبغة التمثيل الضوئي.
710,ما هي الثدييات؟,فراء، ولادة حية، حليب.,الثدييات لها فراء، تلد صغارا أحياء وترضعها.
711,اشرح الثدييات في جملة واحدة.,فراء، ولادة حية، حليب.,الثدييات لها فراء، تلد صغارا أحياء وترضعها.
712,ما هو الثدييات؟ (باختصار),فراء، ولادة حية، حليب.,الثدييات لها فراء، تلد صغارا أحياء وترضعها.
713,كيف تعمل البطارية؟,طاقة كيميائية إلى كهربائية.,البطارية تحول الطاقة الكيميائية إلى كهربائية.
714,اشرح البطاريات في جملة واحدة.,طاقة كيميائية إلى كهربائية.,البطارية تحول الطاقة الكيميائية إلى كهربائية.
715,ما هو البطاريات؟ (باختصار),طاقة كيميائية إلى كهربائية.,البطارية تحول الطاقة الكيميائية إلى كهربائية.
716,كيف تعمل الطاقة الشمسية؟,الخلايا: ضوء إلى تيار.,الخلايا الشمسية تحول الضوء مباشرة إلى تيار.
717,اشرح الطاقة الشمسية في جملة واحدة.,الخلايا: ضوء إلى تيار.,الخلايا الشمسية تحول الضوء مباشرة إلى تيار.
718,ما هو الطاقة الشمسية؟ (باختصار),الخلايا: ضوء إلى تيار.,الخلايا الشمسية تحول الضوء مباشرة إلى تيار.
719,ما هو فيروس الحاسوب؟,برنامج ضار ينتشر.,الفيروس برنامج ضار ينتشر ويضر. احم بالتحديثات والحذر.
720,اشرح فيروس الحاسوب في جملة واحدة.,برنامج ضار ينتشر.,الفيروس برنامج ضار ينتشر ويضر. احم بالتحديثات والحذر.
721,ما هو فيروس الحاسوب؟ (باختصار),برنامج ضار ينتشر.,الفيروس برنامج ضار ينتشر ويضر. احم بالتحديثات والحذر.
722,لماذا البلاستيك مشكلة؟,نفايات دائمة، ميكروبلاستيك.,البلاستيك لا يتحلل تقريبا، يلوث الطبيعة والبحار، يصبح ميكروبلاستيك.
723,اشرح البلاستيك في جملة واحدة.,نفايات دائمة، ميكروبلاستيك.,البلاستيك لا يتحلل تقريبا، يلوث الطبيعة والبحار، يصبح ميكروبلاستيك.
724,ما هو البلاستيك؟ (باختصار),نفايات دائمة، ميكروبلاستيك.,البلاستيك لا يتحلل تقريبا، يلوث الطبيعة والبحار، يصبح ميكروبلاستيك.
725,ما هو الزلزال؟,الصفائح تتحرك، الطاقة تخرج.,يحدث الزلزال عندما تتحرك الصفائح فجأة وتطلق الطاقة.
726,اشرح الزلزال في جملة واحدة.,الصفائح تتحرك، الطاقة تخرج.,يحدث الزلزال عندما تتحرك الصفائح فجأة وتطلق الطاقة.
727,ما هو الزلزال؟ (باختصار),الصفائح تتحرك، الطاقة تخرج.,يحدث الزلزال عندما تتحرك الصفائح فجأة وتطلق الطاقة.
728,ما هو العسل؟,النحل من الرحيق.,العسل يصنعه النحل من رحيق الزهور.
729,اشرح العسل في جملة واحدة.,النحل من الرحيق.,العسل يصنعه النحل من رحيق الزهور.
730,ما هو العسل؟ (باختصار),النحل من الرحيق.,العسل يصنعه النحل من رحيق الزهور.
731,كم 25 ضرب 4؟,الحساب: 25*4=100.,25 ضرب 4 يساوي 100.
732,كم 12 بالمئة من 200؟,"النسبة: 200*0,12=24.",12 بالمئة من 200 تساوي 24.
733,كم 7 ضرب 8 زائد 10؟,الترتيب: 7*8=56 +10=66.,يساوي 66.
734,القطار يغادر 14:30 ويستغرق ساعتين و15 دقيقة. متى يصل؟,الجمع: 14:30 + 2:15 = 16:45.,يصل في 16:45.
735,لدي 3 تفاحات وأكلت 1. كم بقي؟,الطرح: 3-1=2.,بقيت تفاحتان.
736,أنام في 22 وأستيقظ في 6. كم أنام؟,المدة: 22-6 = 8 ساعات.,تنام 8 ساعات.
737,وزع 100 يورو على 4 أشخاص.,القسمة: 100/4=25.,كل شخص يأخذ 25 يورو.
738,كم دقيقة في ساعتين؟,التحويل: 2*60=120.,ساعتان تساوي 120 دقيقة.
739,كم يوما في السنة؟,معلومة: 365، الكبيسة 366.,السنة 365 يوما، والكبيسة 366.
740,كم ثانية في الدقيقة؟,معلومة: 60.,في الدقيقة 60 ثانية.
741,كم 27 زائد 2؟,الجمع: 27+2=29.,27 زائد 2 يساوي 29.
742,كم 35 ناقص 33؟,الطرح: 35-33=2.,35 ناقص 33 يساوي 2.
743,كم 12 ضرب 10؟,الضرب: 12*10=120.,12 ضرب 10 يساوي 120.
744,كم 57 مقسوما على 3؟,القسمة: 57/3=19.,57 مقسوما على 3 يساوي 19.
745,كم 50 بالمئة من 300؟,النسبة: 300*50/100=150.,50 بالمئة من 300 تساوي 150.
746,كم 18 زائد 24؟,الجمع: 18+24=42.,18 زائد 24 يساوي 42.
747,كم 18 ناقص 2؟,الطرح: 18-2=16.,18 ناقص 2 يساوي 16.
748,كم 7 ضرب 5؟,الضرب: 7*5=35.,7 ضرب 5 يساوي 35.
749,كم 56 مقسوما على 8؟,القسمة: 56/8=7.,56 مقسوما على 8 يساوي 7.
750,كم 10 بالمئة من 200؟,النسبة: 200*10/100=20.,10 بالمئة من 200 تساوي 20.
751,كم 12 زائد 23؟,الجمع: 12+23=35.,12 زائد 23 يساوي 35.
752,كم 84 ناقص 64؟,الطرح: 84-64=20.,84 ناقص 64 يساوي 20.
753,كم 11 ضرب 6؟,الضرب: 11*6=66.,11 ضرب 6 يساوي 66.
754,كم 105 مقسوما على 7؟,القسمة: 105/7=15.,105 مقسوما على 7 يساوي 15.
755,كم 15 بالمئة من 300؟,النسبة: 300*15/100=45.,15 بالمئة من 300 تساوي 45.
756,كم 49 زائد 44؟,الجمع: 49+44=93.,49 زائد 44 يساوي 93.
757,كم 73 ناقص 65؟,الطرح: 73-65=8.,73 ناقص 65 يساوي 8.
758,كم 5 ضرب 12؟,الضرب: 5*12=60.,5 ضرب 12 يساوي 60.
759,كم 65 مقسوما على 5؟,القسمة: 65/5=13.,65 مقسوما على 5 يساوي 13.
760,كم 15 بالمئة من 1000؟,النسبة: 1000*15/100=150.,15 بالمئة من 1000 تساوي 150.
761,كم 13 زائد 60؟,الجمع: 13+60=73.,13 زائد 60 يساوي 73.
762,كم 70 ناقص 18؟,الطرح: 70-18=52.,70 ناقص 18 يساوي 52.
763,كم 3 ضرب 3؟,الضرب: 3*3=9.,3 ضرب 3 يساوي 9.
764,كم 33 مقسوما على 3؟,القسمة: 33/3=11.,33 مقسوما على 3 يساوي 11.
765,كم 5 بالمئة من 400؟,النسبة: 400*5/100=20.,5 بالمئة من 400 تساوي 20.
766,كم 34 زائد 51؟,الجمع: 34+51=85.,34 زائد 51 يساوي 85.
767,كم 91 ناقص 63؟,الطرح: 91-63=28.,91 ناقص 63 يساوي 28.
768,كم 2 ضرب 4؟,الضرب: 2*4=8.,2 ضرب 4 يساوي 8.
769,كم 165 مقسوما على 11؟,القسمة: 165/11=15.,165 مقسوما على 11 يساوي 15.
770,كم 20 بالمئة من 100؟,النسبة: 100*20/100=20.,20 بالمئة من 100 تساوي 20.
771,كم 24 زائد 18؟,الجمع: 24+18=42.,24 زائد 18 يساوي 42.
772,كم 55 ناقص 34؟,الطرح: 55-34=21.,55 ناقص 34 يساوي 21.
773,كم 8 ضرب 6؟,الضرب: 8*6=48.,8 ضرب 6 يساوي 48.
774,كم 120 مقسوما على 12؟,القسمة: 120/12=10.,120 مقسوما على 12 يساوي 10.
775,كم 45 زائد 22؟,الجمع: 45+22=67.,45 زائد 22 يساوي 67.
776,كم 28 ناقص 12؟,الطرح: 28-12=16.,28 ناقص 12 يساوي 16.
777,كم 5 ضرب 11؟,الضرب: 5*11=55.,5 ضرب 11 يساوي 55.
778,كم 80 مقسوما على 4؟,القسمة: 80/4=20.,80 مقسوما على 4 يساوي 20.
779,كم 20 بالمئة من 1000؟,النسبة: 1000*20/100=200.,20 بالمئة من 1000 تساوي 200.
780,كم 47 زائد 10؟,الجمع: 47+10=57.,47 زائد 10 يساوي 57.
781,كم 84 ناقص 36؟,الطرح: 84-36=48.,84 ناقص 36 يساوي 48.
782,كم 4 ضرب 4؟,الضرب: 4*4=16.,4 ضرب 4 يساوي 16.
783,كم 70 مقسوما على 5؟,القسمة: 70/5=14.,70 مقسوما على 5 يساوي 14.
784,كم 25 بالمئة من 1000؟,النسبة: 1000*25/100=250.,25 بالمئة من 1000 تساوي 250.
785,كم 20 زائد 16؟,الجمع: 20+16=36.,20 زائد 16 يساوي 36.
786,كم 88 ناقص 25؟,الطرح: 88-25=63.,88 ناقص 25 يساوي 63.
787,كم 2 ضرب 9؟,الضرب: 2*9=18.,2 ضرب 9 يساوي 18.
788,كم 66 مقسوما على 11؟,القسمة: 66/11=6.,66 مقسوما على 11 يساوي 6.
789,كم 19 زائد 28؟,الجمع: 19+28=47.,19 زائد 28 يساوي 47.
790,كم 37 ناقص 27؟,الطرح: 37-27=10.,37 ناقص 27 يساوي 10.
791,كم 8 ضرب 12؟,الضرب: 8*12=96.,8 ضرب 12 يساوي 96.
792,كم 12 مقسوما على 4؟,القسمة: 12/4=3.,12 مقسوما على 4 يساوي 3.
793,كم 10 بالمئة من 1000؟,النسبة: 1000*10/100=100.,10 بالمئة من 1000 تساوي 100.
794,كم 9 زائد 57؟,الجمع: 9+57=66.,9 زائد 57 يساوي 66.
795,كم 10 ناقص 5؟,الطرح: 10-5=5.,10 ناقص 5 يساوي 5.
796,كم 6 ضرب 7؟,الضرب: 6*7=42.,6 ضرب 7 يساوي 42.
797,كم 50 مقسوما على 10؟,القسمة: 50/10=5.,50 مقسوما على 10 يساوي 5.
798,كم 20 بالمئة من 300؟,النسبة: 300*20/100=60.,20 بالمئة من 300 تساوي 60.
799,كم 59 زائد 3؟,الجمع: 59+3=62.,59 زائد 3 يساوي 62.
800,كم 74 ناقص 63؟,الطرح: 74-63=11.,74 ناقص 63 يساوي 11.
801,كم 4 ضرب 7؟,الضرب: 4*7=28.,4 ضرب 7 يساوي 28.
802,كم 55 ناقص 48؟,الطرح: 55-48=7.,55 ناقص 48 يساوي 7.
803,كم 11 ضرب 8؟,الضرب: 11*8=88.,11 ضرب 8 يساوي 88.
804,كم 46 زائد 15؟,الجمع: 46+15=61.,46 زائد 15 يساوي 61.
805,كم 74 ناقص 38؟,الطرح: 74-38=36.,74 ناقص 38 يساوي 36.
806,كم 4 ضرب 9؟,الضرب: 4*9=36.,4 ضرب 9 يساوي 36.
807,كم 20 مقسوما على 4؟,القسمة: 20/4=5.,20 مقسوما على 4 يساوي 5.
808,كم 25 بالمئة من 300؟,النسبة: 300*25/100=75.,25 بالمئة من 300 تساوي 75.
809,كم 58 زائد 33؟,الجمع: 58+33=91.,58 زائد 33 يساوي 91.
810,كم 60 ناقص 9؟,الطرح: 60-9=51.,60 ناقص 9 يساوي 51.
811,كم 20 مقسوما على 2؟,القسمة: 20/2=10.,20 مقسوما على 2 يساوي 10.
812,كم 25 بالمئة من 500؟,النسبة: 500*25/100=125.,25 بالمئة من 500 تساوي 125.
813,كم 11 زائد 19؟,الجمع: 11+19=30.,11 زائد 19 يساوي 30.
814,كم 85 ناقص 53؟,الطرح: 85-53=32.,85 ناقص 53 يساوي 32.
815,كم 20 مقسوما على 5؟,القسمة: 20/5=4.,20 مقسوما على 5 يساوي 4.
816,كم 20 بالمئة من 200؟,النسبة: 200*20/100=40.,20 بالمئة من 200 تساوي 40.
817,كم 25 زائد 37؟,الجمع: 25+37=62.,25 زائد 37 يساوي 62.
818,كم 38 ناقص 37؟,الطرح: 38-37=1.,38 ناقص 37 يساوي 1.
819,كم 6 مقسوما على 3؟,القسمة: 6/3=2.,6 مقسوما على 3 يساوي 2.
820,كم 7 زائد 2؟,الجمع: 7+2=9.,7 زائد 2 يساوي 9.
821,كم 9 ضرب 4؟,الضرب: 9*4=36.,9 ضرب 4 يساوي 36.
822,كم 75 مقسوما على 5؟,القسمة: 75/5=15.,75 مقسوما على 5 يساوي 15.
823,كم 28 زائد 24؟,الجمع: 28+24=52.,28 زائد 24 يساوي 52.
824,كم 76 ناقص 52؟,الطرح: 76-52=24.,76 ناقص 52 يساوي 24.
825,كم 10 ضرب 2؟,الضرب: 10*2=20.,10 ضرب 2 يساوي 20.
826,كم 95 مقسوما على 5؟,القسمة: 95/5=19.,95 مقسوما على 5 يساوي 19.
827,كم 54 زائد 41؟,الجمع: 54+41=95.,54 زائد 41 يساوي 95.
828,كم 37 ناقص 19؟,الطرح: 37-19=18.,37 ناقص 19 يساوي 18.
829,كم 5 ضرب 6؟,الضرب: 5*6=30.,5 ضرب 6 يساوي 30.
830,كم 80 مقسوما على 5؟,القسمة: 80/5=16.,80 مقسوما على 5 يساوي 16.
831,كم 5 زائد 13؟,الجمع: 5+13=18.,5 زائد 13 يساوي 18.
832,كم 8 ناقص 3؟,الطرح: 8-3=5.,8 ناقص 3 يساوي 5.
833,كم 10 ضرب 3؟,الضرب: 10*3=30.,10 ضرب 3 يساوي 30.
834,كم 48 مقسوما على 12؟,القسمة: 48/12=4.,48 مقسوما على 12 يساوي 4.
835,كم 3 زائد 50؟,الجمع: 3+50=53.,3 زائد 50 يساوي 53.
836,كم 76 ناقص 41؟,الطرح: 76-41=35.,76 ناقص 41 يساوي 35.
837,كم 3 ضرب 10؟,الضرب: 3*10=30.,3 ضرب 10 يساوي 30.
838,كم 18 مقسوما على 9؟,القسمة: 18/9=2.,18 مقسوما على 9 يساوي 2.
839,كم 10 بالمئة من 100؟,النسبة: 100*10/100=10.,10 بالمئة من 100 تساوي 10.
840,كم 25 زائد 2؟,الجمع: 25+2=27.,25 زائد 2 يساوي 27.
841,كم 72 ناقص 35؟,الطرح: 72-35=37.,72 ناقص 35 يساوي 37.
842,كم 5 ضرب 9؟,الضرب: 5*9=45.,5 ضرب 9 يساوي 45.
843,كم 88 مقسوما على 8؟,القسمة: 88/8=11.,88 مقسوما على 8 يساوي 11.
844,كم 51 زائد 53؟,الجمع: 51+53=104.,51 زائد 53 يساوي 104.
845,كم 17 ناقص 16؟,الطرح: 17-16=1.,17 ناقص 16 يساوي 1.
846,الفيلم يبدأ 20:15 ويدوم 90 دقيقة. متى ينتهي؟,20:15 + 90 دقيقة = 21:45.,ينتهي في 21:45.
847,الساعة 9. بعد 3 ساعات و30 دقيقة لدي موعد. متى؟,9:00 + 3:30 = 12:30.,الموعد في 12:30.
848,الكعكة تحتاج 45 دقيقة. وضعتها 16:20. متى تجهز؟,16:20 + 0:45 = 17:05.,تجهز في 17:05.
849,المدرسة تبدأ 8:00 وتنتهي 13:15. كم تدوم؟,13:15 - 8:00 = 5:15.,تدوم 5 ساعات و15 دقيقة.
850,إذا قرأت 30 دقيقة من 19:00، متى أنتهي؟,19:00 + 0:30 = 19:30.,تنتهي في 19:30.
851,كيف أتعلم الكلمات؟,وحدات يومية قصيرة، بطاقات، استخدام نشط.,الأفضل بوحدات يومية قصيرة مع بطاقات واستخدام نشط في جمل مع تكرار.
852,تعلم الكلمات - نصائح؟,وحدات يومية قصيرة، بطاقات، استخدام نشط.,الأفضل بوحدات يومية قصيرة مع بطاقات واستخدام نشط في جمل مع تكرار.
853,دليل سريع: تعلم الكلمات.,وحدات يومية قصيرة، بطاقات، استخدام نشط.,الأفضل بوحدات يومية قصيرة مع بطاقات واستخدام نشط في جمل مع تكرار.
854,كيف أوفر في الحياة اليومية؟,ميزانية، اشتراكات، طبخ، مقارنة.,ضع ميزانية، راجع الاشتراكات، اطبخ أكثر، قارن الأسعار وادخر أولا مبلغا ثابتا.
855,التوفير - نصائح؟,ميزانية، اشتراكات، طبخ، مقارنة.,ضع ميزانية، راجع الاشتراكات، اطبخ أكثر، قارن الأسعار وادخر أولا مبلغا ثابتا.
856,دليل سريع: التوفير.,ميزانية، اشتراكات، طبخ، مقارنة.,ضع ميزانية، راجع الاشتراكات، اطبخ أكثر، قارن الأسعار وادخر أولا مبلغا ثابتا.
857,ماذا أطبخ بمعكرونة وطماطم وجبن؟,معكرونة بصلصة الطماطم والجبن.,اصنع معكرونة بصلصة بسيطة: بهر، اطبخ، اسكب على المعكرونة، رش الجبن.
858,معكرونة سريعة - نصائح؟,معكرونة بصلصة الطماطم والجبن.,اصنع معكرونة بصلصة بسيطة: بهر، اطبخ، اسكب على المعكرونة، رش الجبن.
859,دليل سريع: معكرونة سريعة.,معكرونة بصلصة الطماطم والجبن.,اصنع معكرونة بصلصة بسيطة: بهر، اطبخ، اسكب على المعكرونة، رش الجبن.
860,أسافر غدا، ماذا آخذ؟,القائمة: هوية، تذكرة، مال، هاتف، شاحن.,خذ: هوية أو جوازا، تذكرة، مالا، هاتفا مع شاحن، دواء، نظافة وملابس بديلة في المقصورة.
861,حقيبة الطائرة - نصائح؟,القائمة: هوية، تذكرة، مال، هاتف، شاحن.,خذ: هوية أو جوازا، تذكرة، مالا، هاتفا مع شاحن، دواء، نظافة وملابس بديلة في المقصورة.
862,دليل سريع: حقيبة الطائرة.,القائمة: هوية، تذكرة، مال، هاتف، شاحن.,خذ: هوية أو جوازا، تذكرة، مالا، هاتفا مع شاحن، دواء، نظافة وملابس بديلة في المقصورة.
863,كيف أكتب اعتذارا جيدا؟,اذكر الخطأ، المسؤولية، الإصلاح.,اذكر الخطأ، تحمل المسؤولية، أظهر الندم واقترح الإصلاح، باختصار وصدق.
864,الاعتذار - نصائح؟,اذكر الخطأ، المسؤولية، الإصلاح.,اذكر الخطأ، تحمل المسؤولية، أظهر الندم واقترح الإصلاح، باختصار وصدق.
865,دليل سريع: الاعتذار.,اذكر الخطأ، المسؤولية، الإصلاح.,اذكر الخطأ، تحمل المسؤولية، أظهر الندم واقترح الإصلاح، باختصار وصدق.
866,كيف أخطط 3 أيام في المدينة؟,السفر، الفندق، 2-3 أماكن يوميا.,حدد السفر والفندق، اختر 2-3 أماكن يوميا، اترك هوامش وميزانية يومية.
867,رحلة المدينة - نصائح؟,السفر، الفندق، 2-3 أماكن يوميا.,حدد السفر والفندق، اختر 2-3 أماكن يوميا، اترك هوامش وميزانية يومية.
868,دليل سريع: رحلة المدينة.,السفر، الفندق، 2-3 أماكن يوميا.,حدد السفر والفندق، اختر 2-3 أماكن يوميا، اترك هوامش وميزانية يومية.
869,هل آخذ مظلة مع 80 بالمئة مطر؟,80% عالية، نعم مستحسن.,نعم، خذها. مع 80 بالمئة المطر محتمل جدا.
870,المظلة - نصائح؟,80% عالية، نعم مستحسن.,نعم، خذها. مع 80 بالمئة المطر محتمل جدا.
871,دليل سريع: المظلة.,80% عالية، نعم مستحسن.,نعم، خذها. مع 80 بالمئة المطر محتمل جدا.
872,الأفضل للملاحظات: ورق أم هاتف؟,الورق دون تشتيت، الهاتف قابل للبحث.,لكليهما مزايا: الورق دون تشتيت وجيد للذاكرة، الهاتف قابل للبحث ودائما معك.
873,ملاحظات ورق أم هاتف - نصائح؟,الورق دون تشتيت، الهاتف قابل للبحث.,لكليهما مزايا: الورق دون تشتيت وجيد للذاكرة، الهاتف قابل للبحث ودائما معك.
874,دليل سريع: ملاحظات ورق أم هاتف.,الورق دون تشتيت، الهاتف قابل للبحث.,لكليهما مزايا: الورق دون تشتيت وجيد للذاكرة، الهاتف قابل للبحث ودائما معك.
875,كيف أرتب غرفتي بسرعة؟,قمامة، غسيل، ترتيب، مسح.,أولا اجمع القمامة، ثم الغسيل، ضع كل شيء مكانه وامسح أخيرا.
876,ترتيب سريع - نصائح؟,قمامة، غسيل، ترتيب، مسح.,أولا اجمع القمامة، ثم الغسيل، ضع كل شيء مكانه وامسح أخيرا.
877,دليل سريع: ترتيب سريع.,قمامة، غسيل، ترتيب، مسح.,أولا اجمع القمامة، ثم الغسيل، ضع كل شيء مكانه وامسح أخيرا.
878,كيف أجهز حقيبة مدمجة؟,اللف، الثقيل أسفل، الملء.,لف الملابس بدلا من الطي، الثقيل أسفل، املأ بالجوارب.
879,حقيبة مدمجة - نصائح؟,اللف، الثقيل أسفل، الملء.,لف الملابس بدلا من الطي، الثقيل أسفل، املأ بالجوارب.
880,دليل سريع: حقيبة مدمجة.,اللف، الثقيل أسفل، الملء.,لف الملابس بدلا من الطي، الثقيل أسفل، املأ بالجوارب.
881,كيف أطبخ الأرز؟,النسبة 1:2، 10-12 دقيقة.,اغسل الأرز، اغل مع ضعف الماء، اتركه 10-12 دقيقة.
882,طبخ الأرز - نصائح؟,النسبة 1:2، 10-12 دقيقة.,اغسل الأرز، اغل مع ضعف الماء، اتركه 10-12 دقيقة.
883,دليل سريع: طبخ الأرز.,النسبة 1:2، 10-12 دقيقة.,اغسل الأرز، اغل مع ضعف الماء، اتركه 10-12 دقيقة.
884,كيف أطبخ المعكرونة؟,ماء مملح، 8-10 دقائق.,ملح كثيرا من الماء، اغل، اطبخ 8-10 دقائق، صف.
885,طبخ المعكرونة - نصائح؟,ماء مملح، 8-10 دقائق.,ملح كثيرا من الماء، اغل، اطبخ 8-10 دقائق، صف.
886,دليل سريع: طبخ المعكرونة.,ماء مملح، 8-10 دقائق.,ملح كثيرا من الماء، اغل، اطبخ 8-10 دقائق، صف.
887,كيف أصنع الكريب؟,دقيق، حليب، بيضة، تحمير.,اخلط الدقيق والحليب والبيضة ورشة ملح، اطبخ رقيقا حتى الاحمرار.
888,الكريب - نصائح؟,دقيق، حليب، بيضة، تحمير.,اخلط الدقيق والحليب والبيضة ورشة ملح، اطبخ رقيقا حتى الاحمرار.
889,دليل سريع: الكريب.,دقيق، حليب، بيضة، تحمير.,اخلط الدقيق والحليب والبيضة ورشة ملح، اطبخ رقيقا حتى الاحمرار.
890,كيف أستيقظ صباحا؟,ضوء، ماء، حركة.,أشعل الضوء، اشرب كوب ماء، تحرك قليلا وخذ هواء.
891,الاستيقاظ - نصائح؟,ضوء، ماء، حركة.,أشعل الضوء، اشرب كوب ماء، تحرك قليلا وخذ هواء.
892,دليل سريع: الاستيقاظ.,ضوء، ماء، حركة.,أشعل الضوء، اشرب كوب ماء، تحرك قليلا وخذ هواء.
893,كيف أنام أسرع؟,ظلام، برودة، دون هاتف، روتين.,نم مظلما وباردا، ضع الهاتف، حافظ على روتين ثابت.
894,النوم - نصائح؟,ظلام، برودة، دون هاتف، روتين.,نم مظلما وباردا، ضع الهاتف، حافظ على روتين ثابت.
895,دليل سريع: النوم.,ظلام، برودة، دون هاتف، روتين.,نم مظلما وباردا، ضع الهاتف، حافظ على روتين ثابت.
896,كيف أدرس للامتحان؟,كتل، استدعاء نشط، استراحات.,قسم إلى كتل، اسأل نفسك بنشاط، خذ استراحات، كرر اليوم التالي.
897,الدراسة للامتحان - نصائح؟,كتل، استدعاء نشط، استراحات.,قسم إلى كتل، اسأل نفسك بنشاط، خذ استراحات، كرر اليوم التالي.
898,دليل سريع: الدراسة للامتحان.,كتل، استدعاء نشط، استراحات.,قسم إلى كتل، اسأل نفسك بنشاط، خذ استراحات، كرر اليوم التالي.
899,كيف أكتب طلب وظيفة؟,رسالة، سيرة، شهادات.,اكتب رسالة قصيرة مع سيرة جدولية وشهادات مفيدة.
900,طلب الوظيفة - نصائح؟,رسالة، سيرة، شهادات.,اكتب رسالة قصيرة مع سيرة جدولية وشهادات مفيدة.
901,دليل سريع: طلب الوظيفة.,رسالة، سيرة، شهادات.,اكتب رسالة قصيرة مع سيرة جدولية وشهادات مفيدة.
902,كيف أجد بيتا؟,ميزانية، مواقع، أوراق، زيارات.,حدد الميزانية، ابحث في المواقع، جهز الأوراق، زر بأسئلة.
903,إيجاد بيت - نصائح؟,ميزانية، مواقع، أوراق، زيارات.,حدد الميزانية، ابحث في المواقع، جهز الأوراق، زر بأسئلة.
904,دليل سريع: إيجاد بيت.,ميزانية، مواقع، أوراق، زيارات.,حدد الميزانية، ابحث في المواقع، جهز الأوراق، زر بأسئلة.
905,كيف أسقي الزهور صحيحا؟,اختبار الإصبع، دون غمر.,اختبار الإصبع: اسق فقط إذا جف الأعلى، تجنب الغمر.
906,سقي الزهور - نصائح؟,اختبار الإصبع، دون غمر.,اختبار الإصبع: اسق فقط إذا جف الأعلى، تجنب الغمر.
907,دليل سريع: سقي الزهور.,اختبار الإصبع، دون غمر.,اختبار الإصبع: اسق فقط إذا جف الأعلى، تجنب الغمر.
908,كيف أنظم يومي؟,3 أولويات، كتل، استراحات.,اختر 3 أولويات، خطط كتلا مع استراحات، أبعد المشتتات.
909,تنظيم اليوم - نصائح؟,3 أولويات، كتل، استراحات.,اختر 3 أولويات، خطط كتلا مع استراحات، أبعد المشتتات.
910,دليل سريع: تنظيم اليوم.,3 أولويات، كتل، استراحات.,اختر 3 أولويات، خطط كتلا مع استراحات، أبعد المشتتات.
911,كيف أبدأ الرياضة؟,قليل، مرتين أسبوعيا، زيادة.,ابدأ مرتين أسبوعيا مشيا أو خفيفا، زد ببطء.
912,بدء الرياضة - نصائح؟,قليل، مرتين أسبوعيا، زيادة.,ابدأ مرتين أسبوعيا مشيا أو خفيفا، زد ببطء.
913,دليل سريع: بدء الرياضة.,قليل، مرتين أسبوعيا، زيادة.,ابدأ مرتين أسبوعيا مشيا أو خفيفا، زد ببطء.
914,كيف أشرب ماء كافيا؟,زجاجة جاهزة، تذكيرات.,أبق زجاجة جاهزة، اشرب كوبا مع كل وجبة، ضع تذكيرات.
915,شرب كاف - نصائح؟,زجاجة جاهزة، تذكيرات.,أبق زجاجة جاهزة، اشرب كوبا مع كل وجبة، ضع تذكيرات.
916,دليل سريع: شرب كاف.,زجاجة جاهزة، تذكيرات.,أبق زجاجة جاهزة، اشرب كوبا مع كل وجبة، ضع تذكيرات.
917,ما هو الفطور الصحي؟,شوفان، فاكهة، زبادي.,مثلا شوفان بفاكهة وزبادي، أو خبز كامل ببيضة.
918,فطور صحي - نصائح؟,شوفان، فاكهة، زبادي.,مثلا شوفان بفاكهة وزبادي، أو خبز كامل ببيضة.
919,دليل سريع: فطور صحي.,شوفان، فاكهة، زبادي.,مثلا شوفان بفاكهة وزبادي، أو خبز كامل ببيضة.
920,ماذا ضد التوتر؟,استراحات، حركة، نوم، كلام.,استراحات قصيرة وحركة ونوم كاف وكلام تساعد.
921,التوتر - نصائح؟,استراحات، حركة، نوم، كلام.,استراحات قصيرة وحركة ونوم كاف وكلام تساعد.
922,دليل سريع: التوتر.,استراحات، حركة، نوم، كلام.,استراحات قصيرة وحركة ونوم كاف وكلام تساعد.
923,كيف ألغي الموعد؟,مبكرا، سبب قصير، تاريخ جديد.,ألغ مبكرا، اذكر سببا قصيرا، اقترح تاريخا جديدا.
924,إلغاء الموعد - نصائح؟,مبكرا، سبب قصير، تاريخ جديد.,ألغ مبكرا، اذكر سببا قصيرا، اقترح تاريخا جديدا.
925,دليل سريع: إلغاء الموعد.,مبكرا، سبب قصير، تاريخ جديد.,ألغ مبكرا، اذكر سببا قصيرا، اقترح تاريخا جديدا.
926,كيف أطلب المساعدة؟,محدد: ماذا، متى، شكرا.,اطلب بمحدد: ماذا، حتى متى، لماذا. مثال: تساعدني في الحمل اليوم؟ شكرا!
927,طلب المساعدة - نصائح؟,محدد: ماذا، متى، شكرا.,اطلب بمحدد: ماذا، حتى متى، لماذا. مثال: تساعدني في الحمل اليوم؟ شكرا!
928,دليل سريع: طلب المساعدة.,محدد: ماذا، متى، شكرا.,اطلب بمحدد: ماذا، حتى متى، لماذا. مثال: تساعدني في الحمل اليوم؟ شكرا!
929,كيف أتعلم قول لا؟,قصير، لطيف، بديل.,قل لا باختصار ولطف، قدم بديلا إن أمكن.
930,قول لا - نصائح؟,قصير، لطيف، بديل.,قل لا باختصار ولطف، قدم بديلا إن أمكن.
931,دليل سريع: قول لا.,قصير، لطيف، بديل.,قل لا باختصار ولطف، قدم بديلا إن أمكن.
932,كيف أوفر للعطلة؟,هدف، تلقائي شهري.,حدد هدفا، وفر كل شهر تلقائيا، أضف الزيادات.
933,توفير العطلة - نصائح؟,هدف، تلقائي شهري.,حدد هدفا، وفر كل شهر تلقائيا، أضف الزيادات.
934,دليل سريع: توفير العطلة.,هدف، تلقائي شهري.,حدد هدفا، وفر كل شهر تلقائيا، أضف الزيادات.
935,كيف أحجز رحلات رخيصة؟,تواريخ مرنة، مقارنة، مبكرا.,كن مرنا مع التواريخ، قارن المواقع، احجز مبكرا.
936,رحلات رخيصة - نصائح؟,تواريخ مرنة، مقارنة، مبكرا.,كن مرنا مع التواريخ، قارن المواقع، احجز مبكرا.
937,دليل سريع: رحلات رخيصة.,تواريخ مرنة، مقارنة، مبكرا.,كن مرنا مع التواريخ، قارن المواقع، احجز مبكرا.
938,كيف أجد الطريق دون إنترنت؟,خرائط دون اتصال، لافتات، سؤال.,نزل خرائط دون اتصال، اتبع اللافتات، اسأل الناس.
939,الطريق دون إنترنت - نصائح؟,خرائط دون اتصال، لافتات، سؤال.,نزل خرائط دون اتصال، اتبع اللافتات، اسأل الناس.
940,دليل سريع: الطريق دون إنترنت.,خرائط دون اتصال، لافتات، سؤال.,نزل خرائط دون اتصال، اتبع اللافتات، اسأل الناس.
941,ما الفرق بين الكلب والقطة كحيوان؟,الكلاب: مشي وتربية؛ القطط مستقلة.,الكلاب تحتاج مشيا وتربية، القطط أكثر استقلالية. اختر حسب الوقت والمكان.
942,كلب أم قطة - ماذا تنصح؟,الكلاب: مشي وتربية؛ القطط مستقلة.,الكلاب تحتاج مشيا وتربية، القطط أكثر استقلالية. اختر حسب الوقت والمكان.
943,قطار أم سيارة لـ 300 كم؟,القطار راحة وأخضر، السيارة مرنة.,القطار مريح وغالبا أخضر، السيارة مرنة بالأمتعة. مع الزحام يفوز القطار.
944,قطار أم سيارة 300 كم - ماذا تنصح؟,القطار راحة وأخضر، السيارة مرنة.,القطار مريح وغالبا أخضر، السيارة مرنة بالأمتعة. مع الزحام يفوز القطار.
945,تفاحة أم شوكولاتة كوجبة؟,التفاحة: فيتامينات وشبع.,خذ التفاحة للفيتامينات والشبع، والشوكولاتة استثناء.
946,تفاحة أم شوكولاتة - ماذا تنصح؟,التفاحة: فيتامينات وشبع.,خذ التفاحة للفيتامينات والشبع، والشوكولاتة استثناء.
947,لابتوب أم حاسوب للألعاب؟,الحاسوب أقوى بالسعر، اللابتوب محمول.,الحواسيب أقوى بالسعر، اللابتوبات محمولة. للأقصى اختر الحاسوب.
948,لابتوب أم حاسوب ألعاب - ماذا تنصح؟,الحاسوب أقوى بالسعر، اللابتوب محمول.,الحواسيب أقوى بالسعر، اللابتوبات محمولة. للأقصى اختر الحاسوب.
949,مدينة أم ريف للعيش؟,المدينة: عمل وقرب؛ الريف: هدوء.,المدن تقدم عملا وقربا، والريف هدوء ومساحة. اختر حسب العمل والأسلوب.
950,مدينة أم ريف - ماذا تنصح؟,المدينة: عمل وقرب؛ الريف: هدوء.,المدن تقدم عملا وقربا، والريف هدوء ومساحة. اختر حسب العمل والأسلوب.
951,ما الأهم: النوم أم الدراسة؟,النوم يثبت التعلم.,النوم أهم لأنه يثبت التعلم. ادرس مبكرا، ونم كافيا.
952,النوم أم الدراسة - ماذا تنصح؟,النوم يثبت التعلم.,النوم أهم لأنه يثبت التعلم. ادرس مبكرا، ونم كافيا.
953,هاتف جديد أم أبقى على القديم؟,ابق إذا يكفي؛ اشتر عند العطل أو الحاجة.,ابق إذا يكفي. اشتر جديدا فقط عند العطل أو الحاجة الحقيقية.
954,هاتف جديد - ماذا تنصح؟,ابق إذا يكفي؛ اشتر عند العطل أو الحاجة.,ابق إذا يكفي. اشتر جديدا فقط عند العطل أو الحاجة الحقيقية.
955,ما هي الأخبار الكاذبة؟,مخترعة كالحقيقية؛ تحقق من المصدر.,الأخبار الكاذبة مخترعة. تحقق من المصدر والتاريخ ووسائل أخرى.
956,أخبار كاذبة - ماذا تنصح؟,مخترعة كالحقيقية؛ تحقق من المصدر.,الأخبار الكاذبة مخترعة. تحقق من المصدر والتاريخ ووسائل أخرى.
957,ما الفرق بين الحقيقة والرأي؟,الحقيقة مثبتة، الرأي وجهة شخصية.,الحقيقة مثبتة وقابلة للفحص، والرأي وجهة شخصية.
958,حقيقة أم رأي - ماذا تنصح؟,الحقيقة مثبتة، الرأي وجهة شخصية.,الحقيقة مثبتة وقابلة للفحص، والرأي وجهة شخصية.
959,دراجة أم باص للمدرسة؟ (5 كم),جو جميل دراجة، مطر باص.,في الجو الجميل خذ الدراجة (حوالي 20 دقيقة، صحي)، وفي المطر الباص.
960,دراجة أم باص للمدرسة 5 كم - ماذا تنصح؟,جو جميل دراجة، مطر باص.,في الجو الجميل خذ الدراجة (حوالي 20 دقيقة، صحي)، وفي المطر الباص.
961,ماء أم عصير للعطش؟,الماء أفضل، دون سكر.,الماء يروي العطش أفضل ودون سكر. العصير مخففا فقط.
962,ماء أم عصير - ماذا تنصح؟,الماء أفضل، دون سكر.,الماء يروي العطش أفضل ودون سكر. العصير مخففا فقط.
963,قهوة أم ماء صباحا؟,أولا ماء، قهوة باعتدال.,اشرب أولا ماء، ثم قهوة باعتدال.
964,قهوة أم ماء صباحا - ماذا تنصح؟,أولا ماء، قهوة باعتدال.,اشرب أولا ماء، ثم قهوة باعتدال.
965,إيجار أم شراء؟ (عام),مرن إيجار؛ طويل تحقق شراء.,استأجر إذا بقيت مرنا؛ إذا بقيت طويلا وتستطيع الدفع، تحقق من الشراء بكل التكاليف.
966,إيجار أم شراء - ماذا تنصح؟,مرن إيجار؛ طويل تحقق شراء.,استأجر إذا بقيت مرنا؛ إذا بقيت طويلا وتستطيع الدفع، تحقق من الشراء بكل التكاليف.
967,الاستيقاظ مبكرا أم متأخرا؟,حسب الواجبات والنوم.,اختر حسب الواجبات والنوم: نوم كاف وإيقاع ثابت مهمان.
968,مبكر أم متأخر - ماذا تنصح؟,حسب الواجبات والنوم.,اختر حسب الواجبات والنوم: نوم كاف وإيقاع ثابت مهمان.
969,رياضة كل يوم؟,الراحة مهمة؛ 3-4 أسبوعيا تكفي.,لا، خطط لراحات. 3-4 مرات أسبوعيا تكفي غالبا، ويوميا خفيف فقط.
970,رياضة يوميا - ماذا تنصح؟,الراحة مهمة؛ 3-4 أسبوعيا تكفي.,لا، خطط لراحات. 3-4 مرات أسبوعيا تكفي غالبا، ويوميا خفيف فقط.
971,العمل مع الحمى؟,لا، راحة وطبيب.,لا. استرح واذهب للطبيب مع حمى عالية أو طويلة.
972,حمى وعمل - ماذا تنصح؟,لا، راحة وطبيب.,لا. استرح واذهب للطبيب مع حمى عالية أو طويلة.
973,كيف أختار بين عرضين؟,معايير، إيجابيات/سلبيات، موعد.,اذكر المعايير، قيم، راجع التكاليف والحدس، قرر بموعد.
974,الاختيار بين عرضين - ماذا تنصح؟,معايير، إيجابيات/سلبيات، موعد.,اذكر المعايير، قيم، راجع التكاليف والحدس، قرر بموعد.
975,كيف أوفر 500 يورو في 5 أشهر؟,500/5=100 شهريا تلقائيا.,وفر 100 يورو شهريا تلقائيا، مثلا تحويلا بعد الراتب.
976,توفير 500 في 5 أشهر - ماذا تنصح؟,500/5=100 شهريا تلقائيا.,وفر 100 يورو شهريا تلقائيا، مثلا تحويلا بعد الراتب.
977,ما الفرق بين الحاجة والرغبة؟,الحاجة ضرورية للحياة، والرغبة أمنية زائدة.,الحاجة ضرورية للحياة، والرغبة أمنية فوق ذلك.
978,حاجة أم رغبة - ماذا تنصح؟,الحاجة ضرورية للحياة، والرغبة أمنية زائدة.,الحاجة ضرورية للحياة، والرغبة أمنية فوق ذلك.
979,ما الأهم: المال أم الوقت؟,الوقت محدود، المال يعوض.,الوقت محدود ولا يعود، والمال يكسب مجددا. التوازن مهم.
980,مال أم وقت - ماذا تنصح؟,الوقت محدود، المال يعوض.,الوقت محدود ولا يعود، والمال يكسب مجددا. التوازن مهم.
981,لخص: متى تفكر ومتى لا؟,القاعدة: حديث دون تفكير؛ حقائق وحسابات وشروح وقرارات بتفكير.,لا أفكر في التحيات والشكر والحديث. أفكر في الحقائق والحسابات والشروح والمقارنات والقرارات، وحينها أظهر التفكير.
982,ما هو التسامح؟,عرف التسامح ببساطة وصحة.,التسامح باختصار: التسامح يقبل الآراء وأساليب الحياة الأخرى.
983,ما هو الصبر؟,عرف الصبر ببساطة وصحة.,الصبر باختصار: الصبر ينتظر بهدوء ويستمر.
984,ما هو الشجاعة؟,عرف الشجاعة ببساطة وصحة.,الشجاعة باختصار: الشجاعة تفعل الصواب رغم الخوف.
985,ما هو الانضباط؟,عرف الانضباط ببساطة وصحة.,الانضباط باختصار: الانضباط يستمر حتى دون رغبة.
986,ما هو الإبداع؟,عرف الإبداع ببساطة وصحة.,الإبداع باختصار: الإبداع يجد أفكارا وحلولا جديدة.
987,ما هو العمل الجماعي؟,عرف العمل الجماعي ببساطة وصحة.,العمل الجماعي باختصار: العمل الجماعي يتقدم معا نحو هدف.
988,ما هو المسؤولية؟,عرف المسؤولية ببساطة وصحة.,المسؤولية باختصار: المسؤولية تتحمل الأفعال والنتائج.
989,ما هو الثقة؟,عرف الثقة ببساطة وصحة.,الثقة باختصار: الثقة تتيح الاعتماد على الآخرين.
990,ما هو الأدب؟,عرف الأدب ببساطة وصحة.,الأدب باختصار: الأدب محترم ولطيف.
991,ما هو الالتزام بالوقت؟,عرف الالتزام بالوقت ببساطة وصحة.,الالتزام بالوقت باختصار: الالتزام بالوقت يحترم المواعيد.
992,ما هو الموثوقية؟,عرف الموثوقية ببساطة وصحة.,الموثوقية باختصار: الموثوقية تفي بالوعود.
993,ما هو الصحة؟,عرف الصحة ببساطة وصحة.,الصحة باختصار: الصحة عافية بدنية ونفسية.
994,ما هو السعادة؟,عرف السعادة ببساطة وصحة.,السعادة باختصار: السعادة رضا ولحظات فرح.
995,ما هو النجاح؟,عرف النجاح ببساطة وصحة.,النجاح باختصار: النجاح يبلغ الأهداف المحددة.
996,ما هو التعلم؟,عرف التعلم ببساطة وصحة.,التعلم باختصار: التعلم يكتسب معرفة ومهارات.
997,ما هو المعرفة؟,عرف المعرفة ببساطة وصحة.,المعرفة باختصار: المعرفة معلومات مفهومة عن العالم.
998,ما هو الخبرة؟,عرف الخبرة ببساطة وصحة.,الخبرة باختصار: الخبرة معرفة من المعاش.
999,ما هو الفكاهة؟,عرف الفكاهة ببساطة وصحة.,الفكاهة باختصار: الفكاهة تضحك من المضحك.
1000,ما هو الحب؟,عرف الحب ببساطة وصحة.,الحب باختصار: الحب عاطفة عميقة ورعاية.
