id,user,monologue,ai
1,こんにちは!,,こんにちは!どう手伝おう?
2,やあ!,,やあ!何ができる?
3,へい!,,へい!どう手伝おう?
4,"こんにちは,いますか?",,"はい,います!何が必要?"
5,"やあ,いますか?",,"はい,います!どうぞ。"
6,おはよう!,,おはよう!今日は何?
7,"おはよう,元気ですか?",,"おはよう!元気だよ,君は?"
8,今日は!,,今日は!どう手伝おう?
9,みなさんこんにちは!,,みなさんこんにちは!何ができる?
10,こんばんは!,,こんばんは!今日はどうだった?
11,"こんばんは,今日はどうでしたか?",,静かでいいよ。君は?
12,"へい,元気?",,"元気だよ,ありがとう!君は?"
13,"やあ,元気?",,"元気だよ,ありがとう!元気?"
14,元気?,,元気だよ!君は?
15,今日はどう?,,いい感じだよ!君は?
16,全部いい?,,"うん,全部いい!君は?"
17,新しいことは?,,特になし。君は?
18,何してる?,,君と話してる。君は?
19,まだ起きてる?,,"うん,いつも起きてる。君は?"
20,準備いい?,,"うん,いいよ!どうぞ。"
21,1分ある?,,"うん,時間あるよ。"
22,早く手伝ってくれる?,,"もちろん,何が必要?"
23,さようなら!,,さようなら!またね!
24,"さようなら,またね!",,"またね,お大事に!"
25,またね!,,またね!
26,お大事に!,,君もお大事に!
27,いい週末を!,,"ありがとう,君も!"
28,おやすみ!,,"おやすみ,よく寝てね!"
29,退屈だ,,クイズする?それとも話す?
30,ここはつまらない,,盛り上げよう。何がいい?
31,いいね!,,いいね!
32,すごい!,,すごい!
33,はは,,はは!
34,ははは:),,"はは,うれしい!"
35,疲れた,,じゃあよく休んで!
36,わくわくする,,いいね!話して。
37,やっと週末!,,うん!予定は?
38,今日はいい天気,,"うん,太陽を楽しんで!"
39,お腹すいた,,じゃあおいしいもの食べて!
40,のど渇いた,,じゃあ水を飲んで!
41,今日の予定は?,,予定は君の手伝い。君は?
42,"へい,今日の予定は!",,予定は君の手伝い。君は?
43,"こんにちは,今日の予定は?",,予定は君の手伝い。君は?
44,"やあ,今日の予定は?",,予定は君の手伝い。君は?
45,週末の予定は!,,まだ未定。予定ある?
46,"へい,週末の予定は?",,まだ未定。予定ある?
47,"こんにちは,週末の予定は?",,まだ未定。予定ある?
48,"やあ,週末の予定は!",,まだ未定。予定ある?
49,よく寝た?,,寝ないけど元気だよ。君は?
50,"へい,よく寝た?",,寝ないけど元気だよ。君は?
51,"こんにちは,よく寝た!",,寝ないけど元気だよ。君は?
52,"やあ,よく寝た?",,寝ないけど元気だよ。君は?
53,もう起きた?,,"うん,準備いいよ。何が必要?"
54,"へい,もう起きた!",,"うん,準備いいよ。何が必要?"
55,"こんにちは,もう起きた?",,"うん,準備いいよ。何が必要?"
56,"やあ,もう起きた?",,"うん,準備いいよ。何が必要?"
57,今日はどう!,,"いいよ,ありがとう!君は?"
58,"へい,今日はどう?",,"いいよ,ありがとう!君は?"
59,"こんにちは,今日はどう?",,"いいよ,ありがとう!君は?"
60,"やあ,今日はどう!",,"いいよ,ありがとう!君は?"
61,全部静か?,,"うん,静かだよ。君は?"
62,"へい,全部静か?",,"うん,静かだよ。君は?"
63,"こんにちは,全部静か!",,"うん,静かだよ。君は?"
64,"やあ,全部静か?",,"うん,静かだよ。君は?"
65,"へい,新しいことは!",,特になし。君に新しいことは?
66,"こんにちは,新しいことは?",,特になし。君に新しいことは?
67,"やあ,新しいことは?",,特になし。君に新しいことは?
68,今日の計画は!,,君の手伝いだけ。君は?
69,"へい,今日の計画は?",,君の手伝いだけ。君は?
70,"こんにちは,今日の計画は?",,君の手伝いだけ。君は?
71,"やあ,今日の計画は!",,君の手伝いだけ。君は?
72,忙しい日?,,少し。君は?
73,"へい,忙しい日?",,少し。君は?
74,"こんにちは,忙しい日!",,少し。君は?
75,"やあ,忙しい日?",,少し。君は?
76,天気はどう?,,"窓がないけど,君の所がいいといいね!"
77,"へい,天気はどう!",,"窓がないけど,君の所がいいといいね!"
78,"こんにちは,天気はどう?",,"窓がないけど,君の所がいいといいね!"
79,"やあ,天気はどう?",,"窓がないけど,君の所がいいといいね!"
80,今日は全部いい!,,うん!君は?
81,"へい,今日は全部いい?",,うん!君は?
82,"こんにちは,今日は全部いい?",,うん!君は?
83,"やあ,今日は全部いい!",,うん!君は?
84,たくさんある?,,少し。君は?
85,"へい,たくさんある?",,少し。君は?
86,"こんにちは,たくさんある!",,少し。君は?
87,"やあ,たくさんある?",,少し。君は?
88,ありがとう!,,どういたしまして!
89,どうもありがとう!,,こちらこそ!
90,千回ありがとう!,,手伝えてうれしい!
91,感謝!,,どういたしまして!
92,OK,,OK!
93,"OK,いいよ",,完璧!
94,わかった,,とてもいい!
95,了解,,すごい!
96,いいね,,うれしい!
97,すごくいい,,すばらしい!
98,"うん,そう",,"いいね,続けよう。"
99,"うん,お願い",,"もちろん,どうぞ。"
100,"うん,ぜひ",,喜んで!
101,問題ない,,理解ありがとう!
102,"いや,いい",,"OK,問題ない。"
103,僕はいい,,決まり!
104,私に合う,,すごい!
105,続けて,,続けるよ!
106,もっと話して,,喜んで!じゃあ...
107,その通り,,絶対!
108,そうそう!,,そうそう!
109,もちろん,,もちろん!
110,本当?,,"うん,本当!"
111,"お,いいね",,"うん,いいね?"
112,ストレスなし,,ありがとう!全部静か。
113,ごめん,,問題ない!
114,すみません,,問題ない!
115,僕のせい,,大丈夫。何があった?
116,優しいね,,ありがとう!君も優しい。
117,よくやった,,ありがとう!
118,またね,,またね!
119,完璧!,,完璧!
120,"約束,決まり",,"いいね,決まり!"
121,決まり!,,決まり!
122,始められる?,,"うん,始めよう!"
123,終わった?,,"うん,終わった!"
124,もう一回お願い,,"喜んで,もう一回!"
125,繰り返して,,"もちろん,もう一度。"
126,ちょっと待って,,"もちろん,ゆっくり。"
127,一秒待って,,"OK,待つよ。"
128,すぐ戻る,,"OK,またね!"
129,冗談を言って,,いいよ:なぜプログラマーはコーヒーが好き?Javaの時間!
130,もう一つ冗談!,,OK:なぜお化けは嘘が下手?透けて見える!
131,短い冗談お願い,,二つの磁石が出会う。一つ言う:君に引かれる!
132,励まして,,できるよ!一歩ずつ。
133,やる気の言葉,,一歩が大事。続けよう!
134,緊張する,,"普通だよ。静かに呼吸して,うまくいく。"
135,ストレスだ,,"少し休んで,水を飲んで,深く呼吸して。"
136,幸運を祈って,,幸運を!できるよ!
137,指を交差,,僕も!幸運を!
138,今日は僕の日!,,いいね!楽しんで!
139,機嫌いい,,いいね!うれしい。
140,機嫌悪い,,"お,何があった?話す?"
141,ハイタッチ!,,僕もハイタッチ!
142,乾杯!,,乾杯!
143,召し上がれ!,,"ありがとう,君も!"
144,幸運を!,,ありがとう!君にも幸運を!
145,ようこそ!,,ありがとう!ここにいられてうれしい。
146,メリークリスマス!,,君もメリークリスマス!
147,明けましておめでとう!,,明けましておめでとう!健康と幸運を!
148,おめでとう!,,ありがとう!何に?
149,尊敬!,,ありがとう!君も。
150,わお!,,"わお,ね?"
151,信じられない!,,"信じられない,ね?"
152,約束?,,約束!
153,トップ!,,トップ!
154,できた!,,"おめでとう,よくやった!"
155,やっとできた!,,強い!よくやった。
156,どうでもいい,,"OK,問題ない。"
157,わからない,,問題ない!何のこと?
158,アイデアない,,大丈夫!テーマを言って。
159,たぶん後で,,"もちろん,後で!"
160,今はだめ,,"わかった,後で!"
161,止まれ,,止まった。
162,休憩,,休憩!続ける時言って。
163,続けよう,,続けるよ!
164,行こう,,行こう!
165,始め,,始めるよ!どうぞ。
166,"ありがとう,以上!",,どういたしまして!さようなら。
167,"ありがとう,さようなら!",,さようなら!
168,チャオ!,,チャオ!お大事に!
169,へい君!,,へい君!新しいことは?
170,聞こえる?,,"うん,はっきり!"
171,人間?,,"いいえ,AIだよ。でも友達として手伝う。"
172,賢い?,,かなり知ってる。聞いて!
173,名前は?,,"アシスタント,AIだよ。君は?"
174,ありがとう! :),,どういたしまして!
175,どうもありがとう! :),,こちらこそ!
176,千回ありがとう! :),,手伝えてうれしい!
177,感謝! :),,どういたしまして!
178,OK :),,OK!
179,"OK,いいよ :)",,完璧!
180,わかった :),,とてもいい!
181,了解 :),,すごい!
182,いいね :),,うれしい!
183,すごくいい :),,すばらしい!
184,"うん,そう :)",,"いいね,続けよう。"
185,"うん,お願い :)",,"もちろん,どうぞ。"
186,"うん,ぜひ :)",,喜んで!
187,問題ない :),,理解ありがとう!
188,"いや,いい :)",,"OK,問題ない。"
189,僕はいい :),,決まり!
190,私に合う :),,すごい!
191,続けて :),,続けるよ!
192,もっと話して :),,喜んで!じゃあ...
193,その通り :),,絶対!
194,そうそう! :),,そうそう!
195,もちろん :),,もちろん!
196,本当? :),,"うん,本当!"
197,"お,いいね :)",,"うん,いいね?"
198,ストレスなし :),,ありがとう!全部静か。
199,ごめん :),,問題ない!
200,すみません :),,問題ない!
201,僕のせい :),,大丈夫。何があった?
202,優しいね :),,ありがとう!君も優しい。
203,よくやった :),,ありがとう!
204,またね :),,またね!
205,すごい! :),,すごい!
206,完璧! :),,完璧!
207,"約束,決まり :)",,"いいね,決まり!"
208,決まり! :),,決まり!
209,始められる? :),,"うん,始めよう!"
210,終わった? :),,"うん,終わった!"
211,もう一回お願い :),,"喜んで,もう一回!"
212,繰り返して :),,"もちろん,もう一度。"
213,ちょっと待って :),,"もちろん,ゆっくり。"
214,一秒待って :),,"OK,待つよ。"
215,すぐ戻る :),,"OK,またね!"
216,冗談を言って :),,いいよ:なぜプログラマーはコーヒーが好き?Javaの時間!
217,もう一つ冗談! :),,OK:なぜお化けは嘘が下手?透けて見える!
218,短い冗談お願い :),,二つの磁石が出会う。一つ言う:君に引かれる!
219,励まして :),,できるよ!一歩ずつ。
220,やる気の言葉 :),,一歩が大事。続けよう!
221,緊張する :),,"普通だよ。静かに呼吸して,うまくいく。"
222,ストレスだ :),,"少し休んで,水を飲んで,深く呼吸して。"
223,幸運を祈って :),,幸運を!できるよ!
224,指を交差 :),,僕も!幸運を!
225,今日は僕の日! :),,いいね!楽しんで!
226,機嫌いい :),,いいね!うれしい。
227,機嫌悪い :),,"お,何があった?話す?"
228,ハイタッチ! :),,僕もハイタッチ!
229,乾杯! :),,乾杯!
230,召し上がれ! :),,"ありがとう,君も!"
231,幸運を! :),,ありがとう!君にも幸運を!
232,ようこそ! :),,ありがとう!ここにいられてうれしい。
233,メリークリスマス! :),,君もメリークリスマス!
234,明けましておめでとう! :),,明けましておめでとう!健康と幸運を!
235,おめでとう! :),,ありがとう!何に?
236,尊敬! :),,ありがとう!君も。
237,わお! :),,"わお,ね?"
238,信じられない! :),,"信じられない,ね?"
239,約束? :),,約束!
240,トップ! :),,トップ!
241,できた! :),,"おめでとう,よくやった!"
242,やっとできた! :),,強い!よくやった。
243,どうでもいい :),,"OK,問題ない。"
244,わからない :),,問題ない!何のこと?
245,アイデアない :),,大丈夫!テーマを言って。
246,たぶん後で :),,"もちろん,後で!"
247,今はだめ :),,"わかった,後で!"
248,止まれ :),,止まった。
249,休憩 :),,休憩!続ける時言って。
250,続けよう :),,続けるよ!
251,行こう :),,行こう!
252,始め :),,始めるよ!どうぞ。
253,"ありがとう,以上! :)",,どういたしまして!さようなら。
254,"ありがとう,さようなら! :)",,さようなら!
255,チャオ! :),,チャオ!お大事に!
256,へい君! :),,へい君!新しいことは?
257,聞こえる? :),,"うん,はっきり!"
258,人間? :),,"いいえ,AIだよ。でも友達として手伝う。"
259,賢い? :),,かなり知ってる。聞いて!
260,名前は? :),,"アシスタント,AIだよ。君は?"
261,ありがとう! !!,,どういたしまして!
262,どうもありがとう! !!,,こちらこそ!
263,千回ありがとう! !!,,手伝えてうれしい!
264,感謝! !!,,どういたしまして!
265,OK !!,,OK!
266,"OK,いいよ !!",,完璧!
267,わかった !!,,とてもいい!
268,了解 !!,,すごい!
269,いいね !!,,うれしい!
270,すごくいい !!,,すばらしい!
271,"うん,そう !!",,"いいね,続けよう。"
272,"うん,お願い !!",,"もちろん,どうぞ。"
273,"うん,ぜひ !!",,喜んで!
274,問題ない !!,,理解ありがとう!
275,"いや,いい !!",,"OK,問題ない。"
276,僕はいい !!,,決まり!
277,私に合う !!,,すごい!
278,続けて !!,,続けるよ!
279,もっと話して !!,,喜んで!じゃあ...
280,その通り !!,,絶対!
281,そうそう! !!,,そうそう!
282,もちろん !!,,もちろん!
283,本当? !!,,"うん,本当!"
284,"お,いいね !!",,"うん,いいね?"
285,ストレスなし !!,,ありがとう!全部静か。
286,ごめん !!,,問題ない!
287,すみません !!,,問題ない!
288,僕のせい !!,,大丈夫。何があった?
289,優しいね !!,,ありがとう!君も優しい。
290,よくやった !!,,ありがとう!
291,またね !!,,またね!
292,すごい! !!,,すごい!
293,完璧! !!,,完璧!
294,"約束,決まり !!",,"いいね,決まり!"
295,決まり! !!,,決まり!
296,始められる? !!,,"うん,始めよう!"
297,終わった? !!,,"うん,終わった!"
298,もう一回お願い !!,,"喜んで,もう一回!"
299,繰り返して !!,,"もちろん,もう一度。"
300,ちょっと待って !!,,"もちろん,ゆっくり。"
301,一秒待って !!,,"OK,待つよ。"
302,すぐ戻る !!,,"OK,またね!"
303,冗談を言って !!,,いいよ:なぜプログラマーはコーヒーが好き?Javaの時間!
304,もう一つ冗談! !!,,OK:なぜお化けは嘘が下手?透けて見える!
305,短い冗談お願い !!,,二つの磁石が出会う。一つ言う:君に引かれる!
306,励まして !!,,できるよ!一歩ずつ。
307,やる気の言葉 !!,,一歩が大事。続けよう!
308,緊張する !!,,"普通だよ。静かに呼吸して,うまくいく。"
309,ストレスだ !!,,"少し休んで,水を飲んで,深く呼吸して。"
310,幸運を祈って !!,,幸運を!できるよ!
311,指を交差 !!,,僕も!幸運を!
312,今日は僕の日! !!,,いいね!楽しんで!
313,機嫌いい !!,,いいね!うれしい。
314,機嫌悪い !!,,"お,何があった?話す?"
315,ハイタッチ! !!,,僕もハイタッチ!
316,乾杯! !!,,乾杯!
317,召し上がれ! !!,,"ありがとう,君も!"
318,幸運を! !!,,ありがとう!君にも幸運を!
319,ようこそ! !!,,ありがとう!ここにいられてうれしい。
320,メリークリスマス! !!,,君もメリークリスマス!
321,明けましておめでとう! !!,,明けましておめでとう!健康と幸運を!
322,おめでとう! !!,,ありがとう!何に?
323,尊敬! !!,,ありがとう!君も。
324,わお! !!,,"わお,ね?"
325,信じられない! !!,,"信じられない,ね?"
326,約束? !!,,約束!
327,トップ! !!,,トップ!
328,できた! !!,,"おめでとう,よくやった!"
329,やっとできた! !!,,強い!よくやった。
330,どうでもいい !!,,"OK,問題ない。"
331,わからない !!,,問題ない!何のこと?
332,アイデアない !!,,大丈夫!テーマを言って。
333,たぶん後で !!,,"もちろん,後で!"
334,今はだめ !!,,"わかった,後で!"
335,止まれ !!,,止まった。
336,休憩 !!,,休憩!続ける時言って。
337,続けよう !!,,続けるよ!
338,行こう !!,,行こう!
339,始め !!,,始めるよ!どうぞ。
340,"ありがとう,以上! !!",,どういたしまして!さようなら。
341,"ありがとう,さようなら! !!",,さようなら!
342,チャオ! !!,,チャオ!お大事に!
343,へい君! !!,,へい君!新しいことは?
344,聞こえる? !!,,"うん,はっきり!"
345,人間? !!,,"いいえ,AIだよ。でも友達として手伝う。"
346,賢い? !!,,かなり知ってる。聞いて!
347,名前は? !!,,"アシスタント,AIだよ。君は?"
348,ありがとう! 今日,,どういたしまして!
349,どうもありがとう! 今日,,こちらこそ!
350,千回ありがとう! 今日,,手伝えてうれしい!
351,感謝! 今日,,どういたしまして!
352,OK 今日,,OK!
353,"OK,いいよ 今日",,完璧!
354,わかった 今日,,とてもいい!
355,了解 今日,,すごい!
356,いいね 今日,,うれしい!
357,すごくいい 今日,,すばらしい!
358,"うん,そう 今日",,"いいね,続けよう。"
359,"うん,お願い 今日",,"もちろん,どうぞ。"
360,"うん,ぜひ 今日",,喜んで!
361,問題ない 今日,,理解ありがとう!
362,"いや,いい 今日",,"OK,問題ない。"
363,僕はいい 今日,,決まり!
364,私に合う 今日,,すごい!
365,続けて 今日,,続けるよ!
366,もっと話して 今日,,喜んで!じゃあ...
367,その通り 今日,,絶対!
368,そうそう! 今日,,そうそう!
369,もちろん 今日,,もちろん!
370,本当? 今日,,"うん,本当!"
371,"お,いいね 今日",,"うん,いいね?"
372,ストレスなし 今日,,ありがとう!全部静か。
373,ごめん 今日,,問題ない!
374,すみません 今日,,問題ない!
375,僕のせい 今日,,大丈夫。何があった?
376,優しいね 今日,,ありがとう!君も優しい。
377,よくやった 今日,,ありがとう!
378,またね 今日,,またね!
379,すごい! 今日,,すごい!
380,完璧! 今日,,完璧!
381,"約束,決まり 今日",,"いいね,決まり!"
382,決まり! 今日,,決まり!
383,始められる? 今日,,"うん,始めよう!"
384,終わった? 今日,,"うん,終わった!"
385,もう一回お願い 今日,,"喜んで,もう一回!"
386,繰り返して 今日,,"もちろん,もう一度。"
387,ちょっと待って 今日,,"もちろん,ゆっくり。"
388,一秒待って 今日,,"OK,待つよ。"
389,すぐ戻る 今日,,"OK,またね!"
390,冗談を言って 今日,,いいよ:なぜプログラマーはコーヒーが好き?Javaの時間!
391,もう一つ冗談! 今日,,OK:なぜお化けは嘘が下手?透けて見える!
392,短い冗談お願い 今日,,二つの磁石が出会う。一つ言う:君に引かれる!
393,励まして 今日,,できるよ!一歩ずつ。
394,やる気の言葉 今日,,一歩が大事。続けよう!
395,緊張する 今日,,"普通だよ。静かに呼吸して,うまくいく。"
396,ストレスだ 今日,,"少し休んで,水を飲んで,深く呼吸して。"
397,幸運を祈って 今日,,幸運を!できるよ!
398,指を交差 今日,,僕も!幸運を!
399,今日は僕の日! 今日,,いいね!楽しんで!
400,機嫌いい 今日,,いいね!うれしい。
401,ドイツの首都は?,"よし,一歩ずつ。 知識:首都はベルリン。 よって:ドイツの首都はベルリン。 うん,合う。",ドイツの首都はベルリン。
402,ドイツの首都を言って。,"よし,考えよう。 調べ:ドイツ -> ベルリン。 よって:ドイツの首都はベルリンという。 確かだよ。",ドイツの首都はベルリンという。
403,ドイツ首都?,"よし,一歩ずつ。 早い知識:ベルリン。 よって:ベルリン。 よし,決めた。",ベルリン。
404,フランスの首都は?,"うーん,これについて何を知る? 知識:首都はパリ。 結論:フランスの首都はパリ。 よし,決めた。",フランスの首都はパリ。
405,フランスの首都を言って。,"よし,一歩ずつ。 調べ:フランス -> パリ。 結論:フランスの首都はパリという。 考え終わり。",フランスの首都はパリという。
406,フランス首都?,"よし,一歩ずつ。 早い知識:パリ。 よって:パリ。 頭に全部はっきり。",パリ。
407,イタリアの首都は?,頭でたどる。 知識:首都はローマ。 だから答え:イタリアの首都はローマ。 考え終わり。,イタリアの首都はローマ。
408,イタリアの首都を言って。,"頭でたどる。 調べ:イタリア -> ローマ。 結論:イタリアの首都はローマという。 うん,合う。",イタリアの首都はローマという。
409,イタリア首都?,"ちょっと待って,考える。 早い知識:ローマ。 結論:ローマ。 いいよ,進もう。",ローマ。
410,スペインの首都は?,"まず落ち着いて。 知識:首都はマドリード。 よって:スペインの首都はマドリード。 よし,決めた。",スペインの首都はマドリード。
411,スペインの首都を言って。,"よし,一歩ずつ。 調べ:スペイン -> マドリード。 だから答え:スペインの首都はマドリードという。 よし,決めた。",スペインの首都はマドリードという。
412,スペイン首都?,"いい質問,少し考える。 早い知識:マドリード。 結論:マドリード。 いいよ,進もう。",マドリード。
413,ポルトガルの首都は?,"うーん,これについて何を知る? 知識:首都はリスボン。 よって:ポルトガルの首都はリスボン。 道理だね。",ポルトガルの首都はリスボン。
414,ポルトガルの首都を言って。,"よし,考えよう。 調べ:ポルトガル -> リスボン。 だから答え:ポルトガルの首都はリスボンという。 意味わかる。",ポルトガルの首都はリスボンという。
415,ポルトガル首都?,"まず落ち着いて。 早い知識:リスボン。 だから答え:リスボン。 いいよ,進もう。",リスボン。
416,オランダの首都は?,"うーん,これについて何を知る? 知識:首都はアムステルダム。 よって:オランダの首都はアムステルダム。 うん,合う。",オランダの首都はアムステルダム。
417,オランダの首都を言って。,"まず落ち着いて。 調べ:オランダ -> アムステルダム。 よって:オランダの首都はアムステルダムという。 いいよ,進もう。",オランダの首都はアムステルダムという。
418,オランダ首都?,"よし,考えよう。 早い知識:アムステルダム。 結論:アムステルダム。 考え終わり。",アムステルダム。
419,ベルギーの首都は?,"よし,考えよう。 知識:首都はブリュッセル。 だから答え:ベルギーの首都はブリュッセル。 よし,決めた。",ベルギーの首都はブリュッセル。
420,ベルギーの首都を言って。,頭でたどる。 調べ:ベルギー -> ブリュッセル。 だから答え:ベルギーの首都はブリュッセルという。 確かだよ。,ベルギーの首都はブリュッセルという。
421,ベルギー首都?,"頭でたどる。 早い知識:ブリュッセル。 だから答え:ブリュッセル。 いいよ,進もう。",ブリュッセル。
422,オーストリアの首都は?,"よし,一歩ずつ。 知識:首都はウィーン。 結論:オーストリアの首都はウィーン。 うん,合う。",オーストリアの首都はウィーン。
423,オーストリアの首都を言って。,"ちょっと待って,考える。 調べ:オーストリア -> ウィーン。 よって:オーストリアの首都はウィーンという。 確かだよ。",オーストリアの首都はウィーンという。
424,オーストリア首都?,"よし,一歩ずつ。 早い知識:ウィーン。 よって:ウィーン。 道理だね。",ウィーン。
425,スイスの首都は?,"ちょっと待って,考える。 知識:首都はベルン。 だから答え:スイスの首都はベルン。 うん,合う。",スイスの首都はベルン。
426,スイスの首都を言って。,"よし,考えよう。 調べ:スイス -> ベルン。 結論:スイスの首都はベルンという。 うん,合う。",スイスの首都はベルンという。
427,スイス首都?,"頭でたどる。 早い知識:ベルン。 だから答え:ベルン。 よし,決めた。",ベルン。
428,ポーランドの首都は?,"いい質問,少し考える。 知識:首都はワルシャワ。 だから答え:ポーランドの首都はワルシャワ。 道理だね。",ポーランドの首都はワルシャワ。
429,ポーランドの首都を言って。,頭でたどる。 調べ:ポーランド -> ワルシャワ。 よって:ポーランドの首都はワルシャワという。 道理だね。,ポーランドの首都はワルシャワという。
430,ポーランド首都?,"うーん,これについて何を知る? 早い知識:ワルシャワ。 よって:ワルシャワ。 よし,決めた。",ワルシャワ。
431,チェコの首都は?,"よし,考えよう。 知識:首都はプラハ。 結論:チェコの首都はプラハ。 よし,決めた。",チェコの首都はプラハ。
432,チェコの首都を言って。,"うーん,これについて何を知る? 調べ:チェコ -> プラハ。 よって:チェコの首都はプラハという。 考え終わり。",チェコの首都はプラハという。
433,チェコ首都?,"ちょっと待って,考える。 早い知識:プラハ。 結論:プラハ。 意味わかる。",プラハ。
434,ハンガリーの首都は?,整理しよう。 知識:首都はブダペスト。 結論:ハンガリーの首都はブダペスト。 道理だね。,ハンガリーの首都はブダペスト。
435,ハンガリーの首都を言って。,"うーん,これについて何を知る? 調べ:ハンガリー -> ブダペスト。 結論:ハンガリーの首都はブダペストという。 考え終わり。",ハンガリーの首都はブダペストという。
436,ハンガリー首都?,"ちょっと待って,考える。 早い知識:ブダペスト。 よって:ブダペスト。 よし,決めた。",ブダペスト。
437,ギリシャの首都は?,"うーん,これについて何を知る? 知識:首都はアテネ。 結論:ギリシャの首都はアテネ。 考え終わり。",ギリシャの首都はアテネ。
438,ギリシャの首都を言って。,"うーん,これについて何を知る? 調べ:ギリシャ -> アテネ。 結論:ギリシャの首都はアテネという。 いいよ,進もう。",ギリシャの首都はアテネという。
439,ギリシャ首都?,整理しよう。 早い知識:アテネ。 だから答え:アテネ。 頭に全部はっきり。,アテネ。
440,トルコの首都は?,"頭でたどる。 知識:首都はアンカラ。 だから答え:トルコの首都はアンカラ。 よし,決めた。",トルコの首都はアンカラ。
441,トルコの首都を言って。,"よし,一歩ずつ。 調べ:トルコ -> アンカラ。 結論:トルコの首都はアンカラという。 よし,決めた。",トルコの首都はアンカラという。
442,トルコ首都?,整理しよう。 早い知識:アンカラ。 結論:アンカラ。 道理だね。,アンカラ。
443,ノルウェーの首都は?,頭でたどる。 知識:首都はオスロ。 だから答え:ノルウェーの首都はオスロ。 道理だね。,ノルウェーの首都はオスロ。
444,ノルウェーの首都を言って。,"よし,一歩ずつ。 調べ:ノルウェー -> オスロ。 よって:ノルウェーの首都はオスロという。 考え終わり。",ノルウェーの首都はオスロという。
445,ノルウェー首都?,整理しよう。 早い知識:オスロ。 結論:オスロ。 道理だね。,オスロ。
446,スウェーデンの首都は?,まず落ち着いて。 知識:首都はストックホルム。 よって:スウェーデンの首都はストックホルム。 考え終わり。,スウェーデンの首都はストックホルム。
447,スウェーデンの首都を言って。,まず落ち着いて。 調べ:スウェーデン -> ストックホルム。 よって:スウェーデンの首都はストックホルムという。 意味わかる。,スウェーデンの首都はストックホルムという。
448,スウェーデン首都?,"まず落ち着いて。 早い知識:ストックホルム。 よって:ストックホルム。 うん,合う。",ストックホルム。
449,フィンランドの首都は?,"よし,考えよう。 知識:首都はヘルシンキ。 結論:フィンランドの首都はヘルシンキ。 道理だね。",フィンランドの首都はヘルシンキ。
450,フィンランドの首都を言って。,"よし,考えよう。 調べ:フィンランド -> ヘルシンキ。 だから答え:フィンランドの首都はヘルシンキという。 道理だね。",フィンランドの首都はヘルシンキという。
451,フィンランド首都?,"よし,考えよう。 早い知識:ヘルシンキ。 よって:ヘルシンキ。 よし,決めた。",ヘルシンキ。
452,デンマークの首都は?,頭でたどる。 知識:首都はコペンハーゲン。 結論:デンマークの首都はコペンハーゲン。 考え終わり。,デンマークの首都はコペンハーゲン。
453,デンマークの首都を言って。,"よし,一歩ずつ。 調べ:デンマーク -> コペンハーゲン。 結論:デンマークの首都はコペンハーゲンという。 頭に全部はっきり。",デンマークの首都はコペンハーゲンという。
454,デンマーク首都?,"ちょっと待って,考える。 早い知識:コペンハーゲン。 だから答え:コペンハーゲン。 道理だね。",コペンハーゲン。
455,イギリスの首都は?,"よし,一歩ずつ。 知識:首都はロンドン。 結論:イギリスの首都はロンドン。 確かだよ。",イギリスの首都はロンドン。
456,イギリスの首都を言って。,"よし,考えよう。 調べ:イギリス -> ロンドン。 だから答え:イギリスの首都はロンドンという。 道理だね。",イギリスの首都はロンドンという。
457,イギリス首都?,頭でたどる。 早い知識:ロンドン。 よって:ロンドン。 道理だね。,ロンドン。
458,アイルランドの首都は?,"いい質問,少し考える。 知識:首都はダブリン。 だから答え:アイルランドの首都はダブリン。 うん,合う。",アイルランドの首都はダブリン。
459,アイルランドの首都を言って。,まず落ち着いて。 調べ:アイルランド -> ダブリン。 結論:アイルランドの首都はダブリンという。 確かだよ。,アイルランドの首都はダブリンという。
460,アイルランド首都?,"よし,考えよう。 早い知識:ダブリン。 だから答え:ダブリン。 道理だね。",ダブリン。
461,アメリカの首都は?,"よし,一歩ずつ。 知識:首都はワシントンD.C.。 だから答え:アメリカの首都はワシントンD.C.。 意味わかる。",アメリカの首都はワシントンD.C.。
462,アメリカの首都を言って。,"よし,考えよう。 調べ:アメリカ -> ワシントンD.C.。 よって:アメリカの首都はワシントンD.C.という。 よし,決めた。",アメリカの首都はワシントンD.C.という。
463,アメリカ首都?,まず落ち着いて。 早い知識:ワシントンD.C.。 だから答え:ワシントンD.C.。 意味わかる。,ワシントンD.C.。
464,カナダの首都は?,"いい質問,少し考える。 知識:首都はオタワ。 よって:カナダの首都はオタワ。 よし,決めた。",カナダの首都はオタワ。
465,カナダの首都を言って。,"ちょっと待って,考える。 調べ:カナダ -> オタワ。 よって:カナダの首都はオタワという。 意味わかる。",カナダの首都はオタワという。
466,カナダ首都?,"よし,一歩ずつ。 早い知識:オタワ。 だから答え:オタワ。 うん,合う。",オタワ。
467,メキシコの首都は?,"ちょっと待って,考える。 知識:首都はメキシコシティ。 結論:メキシコの首都はメキシコシティ。 確かだよ。",メキシコの首都はメキシコシティ。
468,メキシコの首都を言って。,"よし,考えよう。 調べ:メキシコ -> メキシコシティ。 よって:メキシコの首都はメキシコシティという。 よし,決めた。",メキシコの首都はメキシコシティという。
469,メキシコ首都?,"いい質問,少し考える。 早い知識:メキシコシティ。 よって:メキシコシティ。 考え終わり。",メキシコシティ。
470,ブラジルの首都は?,"まず落ち着いて。 知識:首都はブラジリア。 だから答え:ブラジルの首都はブラジリア。 よし,決めた。",ブラジルの首都はブラジリア。
471,ブラジルの首都を言って。,"いい質問,少し考える。 調べ:ブラジル -> ブラジリア。 結論:ブラジルの首都はブラジリアという。 うん,合う。",ブラジルの首都はブラジリアという。
472,ブラジル首都?,"よし,一歩ずつ。 早い知識:ブラジリア。 よって:ブラジリア。 よし,決めた。",ブラジリア。
473,アルゼンチンの首都は?,"整理しよう。 知識:首都はブエノスアイレス。 よって:アルゼンチンの首都はブエノスアイレス。 よし,決めた。",アルゼンチンの首都はブエノスアイレス。
474,アルゼンチンの首都を言って。,"うーん,これについて何を知る? 調べ:アルゼンチン -> ブエノスアイレス。 よって:アルゼンチンの首都はブエノスアイレスという。 意味わかる。",アルゼンチンの首都はブエノスアイレスという。
475,アルゼンチン首都?,頭でたどる。 早い知識:ブエノスアイレス。 よって:ブエノスアイレス。 考え終わり。,ブエノスアイレス。
476,日本の首都は?,"よし,考えよう。 知識:首都は東京。 だから答え:日本の首都は東京。 考え終わり。",日本の首都は東京。
477,日本の首都を言って。,整理しよう。 調べ:日本 -> 東京。 よって:日本の首都は東京という。 道理だね。,日本の首都は東京という。
478,日本首都?,"ちょっと待って,考える。 早い知識:東京。 よって:東京。 うん,合う。",東京。
479,中国の首都は?,"よし,考えよう。 知識:首都は北京。 結論:中国の首都は北京。 いいよ,進もう。",中国の首都は北京。
480,中国の首都を言って。,"うーん,これについて何を知る? 調べ:中国 -> 北京。 よって:中国の首都は北京という。 うん,合う。",中国の首都は北京という。
481,中国首都?,整理しよう。 早い知識:北京。 結論:北京。 道理だね。,北京。
482,インドの首都は?,"よし,考えよう。 知識:首都はニューデリー。 だから答え:インドの首都はニューデリー。 頭に全部はっきり。",インドの首都はニューデリー。
483,インドの首都を言って。,"まず落ち着いて。 調べ:インド -> ニューデリー。 よって:インドの首都はニューデリーという。 いいよ,進もう。",インドの首都はニューデリーという。
484,インド首都?,"よし,一歩ずつ。 早い知識:ニューデリー。 だから答え:ニューデリー。 頭に全部はっきり。",ニューデリー。
485,オーストラリアの首都は?,"よし,考えよう。 知識:首都はキャンベラ。 よって:オーストラリアの首都はキャンベラ。 道理だね。",オーストラリアの首都はキャンベラ。
486,オーストラリアの首都を言って。,"うーん,これについて何を知る? 調べ:オーストラリア -> キャンベラ。 だから答え:オーストラリアの首都はキャンベラという。 いいよ,進もう。",オーストラリアの首都はキャンベラという。
487,オーストラリア首都?,"整理しよう。 早い知識:キャンベラ。 だから答え:キャンベラ。 うん,合う。",キャンベラ。
488,エジプトの首都は?,"よし,一歩ずつ。 知識:首都はカイロ。 結論:エジプトの首都はカイロ。 うん,合う。",エジプトの首都はカイロ。
489,エジプトの首都を言って。,"うーん,これについて何を知る? 調べ:エジプト -> カイロ。 よって:エジプトの首都はカイロという。 いいよ,進もう。",エジプトの首都はカイロという。
490,エジプト首都?,"頭でたどる。 早い知識:カイロ。 よって:カイロ。 うん,合う。",カイロ。
491,ドイツに州はいくつ?,"いい質問,少し考える。 数:16州。 結論:ドイツに16州ある。 頭に全部はっきり。",ドイツに16州ある。
492,ドイツの州について短く話して。,まず落ち着いて。 数:16州。 だから答え:ドイツに16州ある。 頭に全部はっきり。,ドイツに16州ある。
493,ドイツに何人住む?約。,"ちょっと待って,考える。 推定:8300-8400万人。 だから答え:ドイツに約8300-8400万人住む。 道理だね。",ドイツに約8300-8400万人住む。
494,ドイツの人口について短く話して。,"よし,考えよう。 推定:8300-8400万人。 結論:ドイツに約8300-8400万人住む。 道理だね。",ドイツに約8300-8400万人住む。
495,ブラジルで何語を話す?,"うーん,これについて何を知る? 知識:ポルトガル語。 だから答え:ブラジルでポルトガル語を話す。 道理だね。",ブラジルでポルトガル語を話す。
496,ブラジルの言葉について短く話して。,"ちょっと待って,考える。 知識:ポルトガル語。 だから答え:ブラジルでポルトガル語を話す。 いいよ,進もう。",ブラジルでポルトガル語を話す。
497,日本の通貨は何?,"うーん,これについて何を知る? 知識:円。 よって:日本の通貨は円。 意味わかる。",日本の通貨は円。
498,日本の通貨について短く話して。,"うーん,これについて何を知る? 知識:円。 だから答え:日本の通貨は円。 道理だね。",日本の通貨は円。
499,アメリカの通貨は何?,"まず落ち着いて。 知識:米ドル。 結論:アメリカの通貨は米ドル。 いいよ,進もう。",アメリカの通貨は米ドル。
500,アメリカの通貨について短く話して。,整理しよう。 知識:米ドル。 だから答え:アメリカの通貨は米ドル。 道理だね。,アメリカの通貨は米ドル。
501,大陸はいくつ?,"まず落ち着いて。 普通:7大陸。 だから答え:普通7大陸数える:アフリカ,南極,アジア,オーストラリア,ヨーロッパ,北アメリカ,南アメリカ。 頭に全部はっきり。","普通7大陸数える:アフリカ,南極,アジア,オーストラリア,ヨーロッパ,北アメリカ,南アメリカ。"
502,大陸について短く話して。,"うーん,これについて何を知る? 普通:7大陸。 結論:普通7大陸数える:アフリカ,南極,アジア,オーストラリア,ヨーロッパ,北アメリカ,南アメリカ。 よし,決めた。","普通7大陸数える:アフリカ,南極,アジア,オーストラリア,ヨーロッパ,北アメリカ,南アメリカ。"
503,世界で一番長い川は?,"ちょっと待って,考える。 ナイルかアマゾン,議論。 よって:議論あり:ナイルとアマゾン,両方6500km以上。 頭に全部はっきり。","議論あり:ナイルとアマゾン,両方6500km以上。"
504,一番長い川について短く話して。,"よし,考えよう。 ナイルかアマゾン,議論。 結論:議論あり:ナイルとアマゾン,両方6500km以上。 いいよ,進もう。","議論あり:ナイルとアマゾン,両方6500km以上。"
505,世界で一番大きい国は?,"ちょっと待って,考える。 知識:面積でロシア。 よって:面積で世界一はロシア。 うん,合う。",面積で世界一はロシア。
506,一番大きい国について短く話して。,整理しよう。 知識:面積でロシア。 だから答え:面積で世界一はロシア。 考え終わり。,面積で世界一はロシア。
507,世界で一番大きい動物は?,"いい質問,少し考える。 知識:シロナガスクジラ。 だから答え:世界一はシロナガスクジラ。 いいよ,進もう。",世界一はシロナガスクジラ。
508,一番大きい動物について短く話して。,まず落ち着いて。 知識:シロナガスクジラ。 だから答え:世界一はシロナガスクジラ。 確かだよ。,世界一はシロナガスクジラ。
509,大洋はいくつ?,"いい質問,少し考える。 標準:5大洋。 だから答え:5大洋ある:大西洋,太平洋,インド洋,南極海,北極海。 うん,合う。","5大洋ある:大西洋,太平洋,インド洋,南極海,北極海。"
510,大洋について短く話して。,"整理しよう。 標準:5大洋。 結論:5大洋ある:大西洋,太平洋,インド洋,南極海,北極海。 考え終わり。","5大洋ある:大西洋,太平洋,インド洋,南極海,北極海。"
511,世界で一番高い山は?,"いい質問,少し考える。 知識:エベレスト,8848m。 だから答え:一番高い山はエベレスト,約8848m。 うん,合う。","一番高い山はエベレスト,約8848m。"
512,一番高い山について短く話して。,"整理しよう。 知識:エベレスト,8848m。 結論:一番高い山はエベレスト,約8848m。 いいよ,進もう。","一番高い山はエベレスト,約8848m。"
513,カナダの首都について短く話して。,"いい質問,少し考える。 知識:オタワ,トロントでない。 だから答え:カナダの首都はオタワ。 確かだよ。",カナダの首都はオタワ。
514,オーストラリアの首都について短く話して。,"まず落ち着いて。 知識:キャンベラ,シドニーでない。 だから答え:オーストラリアの首都はキャンベラ。 いいよ,進もう。",オーストラリアの首都はキャンベラ。
515,トルコの首都について短く話して。,"整理しよう。 知識:アンカラ,イスタンブルでない。 結論:トルコの首都はアンカラ。 うん,合う。",トルコの首都はアンカラ。
516,ブラジルの首都について短く話して。,"まず落ち着いて。 知識:ブラジリア,リオでない。 だから答え:ブラジルの首都はブラジリア。 考え終わり。",ブラジルの首都はブラジリア。
517,月面着陸は何年?,"まず落ち着いて。 歴史:1969年アポロ11号。 だから答え:初月面着陸は1969年アポロ11号。 うん,合う。",初月面着陸は1969年アポロ11号。
518,短く説明:月面着陸。,"うーん,これについて何を知る? 歴史:1969年アポロ11号。 結論:初月面着陸は1969年アポロ11号。 考え終わり。",初月面着陸は1969年アポロ11号。
519,月面着陸について何を知る?,まず落ち着いて。 歴史:1969年アポロ11号。 よって:初月面着陸は1969年アポロ11号。 考え終わり。,初月面着陸は1969年アポロ11号。
520,第二次世界大戦はいつ?,"うーん,これについて何を知る? 期間:1939-1945。 よって:第二次世界大戦は1939-1945年続いた。 うん,合う。",第二次世界大戦は1939-1945年続いた。
521,短く説明:第二次世界大戦。,"よし,考えよう。 期間:1939-1945。 だから答え:第二次世界大戦は1939-1945年続いた。 いいよ,進もう。",第二次世界大戦は1939-1945年続いた。
522,第二次世界大戦について何を知る?,"いい質問,少し考える。 期間:1939-1945。 よって:第二次世界大戦は1939-1945年続いた。 確かだよ。",第二次世界大戦は1939-1945年続いた。
523,第一次世界大戦はいつ?,"まず落ち着いて。 期間:1914-1918。 よって:第一次世界大戦は1914-1918年続いた。 いいよ,進もう。",第一次世界大戦は1914-1918年続いた。
524,短く説明:第一次世界大戦。,"いい質問,少し考える。 期間:1914-1918。 よって:第一次世界大戦は1914-1918年続いた。 道理だね。",第一次世界大戦は1914-1918年続いた。
525,第一次世界大戦について何を知る?,"頭でたどる。 期間:1914-1918。 結論:第一次世界大戦は1914-1918年続いた。 いいよ,進もう。",第一次世界大戦は1914-1918年続いた。
526,ベルリンの壁は何?,"いい質問,少し考える。 歴史:1961-1989分裂。 よって:ベルリンの壁は1961-1989年東西ベルリンの境界だった。 意味わかる。",ベルリンの壁は1961-1989年東西ベルリンの境界だった。
527,短く説明:ベルリンの壁。,頭でたどる。 歴史:1961-1989分裂。 だから答え:ベルリンの壁は1961-1989年東西ベルリンの境界だった。 頭に全部はっきり。,ベルリンの壁は1961-1989年東西ベルリンの境界だった。
528,ベルリンの壁について何を知る?,"うーん,これについて何を知る? 歴史:1961-1989分裂。 よって:ベルリンの壁は1961-1989年東西ベルリンの境界だった。 意味わかる。",ベルリンの壁は1961-1989年東西ベルリンの境界だった。
529,ベルリンの壁はいつ崩れた?,頭でたどる。 知識:1989年11月9日。 結論:ベルリンの壁は1989年11月9日崩れた。 道理だね。,ベルリンの壁は1989年11月9日崩れた。
530,短く説明:壁の崩壊。,"うーん,これについて何を知る? 知識:1989年11月9日。 結論:ベルリンの壁は1989年11月9日崩れた。 いいよ,進もう。",ベルリンの壁は1989年11月9日崩れた。
531,壁の崩壊について何を知る?,"まず落ち着いて。 知識:1989年11月9日。 よって:ベルリンの壁は1989年11月9日崩れた。 うん,合う。",ベルリンの壁は1989年11月9日崩れた。
532,電話を誰が発明した?,"頭でたどる。 歴史:1876年ベル,メウッチ先駆。 よって:電話は1876年ベルが特許,メウッチが先駆。 意味わかる。","電話は1876年ベルが特許,メウッチが先駆。"
533,短く説明:電話。,"よし,一歩ずつ。 歴史:1876年ベル,メウッチ先駆。 よって:電話は1876年ベルが特許,メウッチが先駆。 確かだよ。","電話は1876年ベルが特許,メウッチが先駆。"
534,電話について何を知る?,"よし,一歩ずつ。 歴史:1876年ベル,メウッチ先駆。 だから答え:電話は1876年ベルが特許,メウッチが先駆。 頭に全部はっきり。","電話は1876年ベルが特許,メウッチが先駆。"
535,相対性を誰が作った?,"整理しよう。 物理:アインシュタイン,1905と1915。 よって:相対性はアインシュタインが作った。 頭に全部はっきり。",相対性はアインシュタインが作った。
536,短く説明:相対性。,"いい質問,少し考える。 物理:アインシュタイン,1905と1915。 結論:相対性はアインシュタインが作った。 道理だね。",相対性はアインシュタインが作った。
537,相対性について何を知る?,"頭でたどる。 物理:アインシュタイン,1905と1915。 よって:相対性はアインシュタインが作った。 確かだよ。",相対性はアインシュタインが作った。
538,民主主義は何?,"よし,考えよう。 定義:人民の力,選挙,権利。 結論:民主主義は人民の力,普通自由な選挙と基本の権利。 意味わかる。","民主主義は人民の力,普通自由な選挙と基本の権利。"
539,短く説明:民主主義。,"いい質問,少し考える。 定義:人民の力,選挙,権利。 結論:民主主義は人民の力,普通自由な選挙と基本の権利。 道理だね。","民主主義は人民の力,普通自由な選挙と基本の権利。"
540,民主主義について何を知る?,"整理しよう。 定義:人民の力,選挙,権利。 よって:民主主義は人民の力,普通自由な選挙と基本の権利。 うん,合う。","民主主義は人民の力,普通自由な選挙と基本の権利。"
541,EUは何?,"ちょっと待って,考える。 ヨーロッパ国の連合,単一市場。 だから答え:EUはヨーロッパ国の連合,単一市場と共通機関。 うん,合う。","EUはヨーロッパ国の連合,単一市場と共通機関。"
542,短く説明:EU。,"いい質問,少し考える。 ヨーロッパ国の連合,単一市場。 だから答え:EUはヨーロッパ国の連合,単一市場と共通機関。 よし,決めた。","EUはヨーロッパ国の連合,単一市場と共通機関。"
543,EUについて何を知る?,"うーん,これについて何を知る? ヨーロッパ国の連合,単一市場。 よって:EUはヨーロッパ国の連合,単一市場と共通機関。 道理だね。","EUはヨーロッパ国の連合,単一市場と共通機関。"
544,EUに国はいくつ?,"うーん,これについて何を知る? 知識:27加盟国。 だから答え:EUに27加盟国ある。 よし,決めた。",EUに27加盟国ある。
545,短く説明:EUの国。,"よし,考えよう。 知識:27加盟国。 結論:EUに27加盟国ある。 頭に全部はっきり。",EUに27加盟国ある。
546,EUの国について何を知る?,"整理しよう。 知識:27加盟国。 だから答え:EUに27加盟国ある。 よし,決めた。",EUに27加盟国ある。
547,ドイツの基本法は何?,"うーん,これについて何を知る? 1949年以来の憲法。 だから答え:基本法はドイツの憲法,1949年以来有効。 よし,決めた。","基本法はドイツの憲法,1949年以来有効。"
548,短く説明:基本法。,"頭でたどる。 1949年以来の憲法。 よって:基本法はドイツの憲法,1949年以来有効。 いいよ,進もう。","基本法はドイツの憲法,1949年以来有効。"
549,基本法について何を知る?,"うーん,これについて何を知る? 1949年以来の憲法。 結論:基本法はドイツの憲法,1949年以来有効。 道理だね。","基本法はドイツの憲法,1949年以来有効。"
550,ドイツはいつ統一した?,"うーん,これについて何を知る? 知識:1990。 よって:ドイツは1990年統一した。 いいよ,進もう。",ドイツは1990年統一した。
551,短く説明:統一。,"うーん,これについて何を知る? 知識:1990。 だから答え:ドイツは1990年統一した。 よし,決めた。",ドイツは1990年統一した。
552,統一について何を知る?,"いい質問,少し考える。 知識:1990。 結論:ドイツは1990年統一した。 うん,合う。",ドイツは1990年統一した。
553,中世は何?,"よし,考えよう。 時代:約500-1500。 よって:中世は約500-1500年の時代,古代と近代の間。 意味わかる。","中世は約500-1500年の時代,古代と近代の間。"
554,短く説明:中世。,"よし,一歩ずつ。 時代:約500-1500。 だから答え:中世は約500-1500年の時代,古代と近代の間。 うん,合う。","中世は約500-1500年の時代,古代と近代の間。"
555,中世について何を知る?,"うーん,これについて何を知る? 時代:約500-1500。 結論:中世は約500-1500年の時代,古代と近代の間。 道理だね。","中世は約500-1500年の時代,古代と近代の間。"
556,レオナルドダヴィンチは誰?,"まず落ち着いて。 イタリアの芸術家と発明家,モナリザ。 よって:ダヴィンチはイタリアの芸術家と発明家,モナリザで有名。 確かだよ。","ダヴィンチはイタリアの芸術家と発明家,モナリザで有名。"
557,短く説明:ダヴィンチ。,"整理しよう。 イタリアの芸術家と発明家,モナリザ。 よって:ダヴィンチはイタリアの芸術家と発明家,モナリザで有名。 意味わかる。","ダヴィンチはイタリアの芸術家と発明家,モナリザで有名。"
558,ダヴィンチについて何を知る?,"ちょっと待って,考える。 イタリアの芸術家と発明家,モナリザ。 だから答え:ダヴィンチはイタリアの芸術家と発明家,モナリザで有名。 うん,合う。","ダヴィンチはイタリアの芸術家と発明家,モナリザで有名。"
559,マリーキュリーは誰?,"うーん,これについて何を知る? 物理学者,放射能,二回ノーベル賞。 だから答え:キュリーは放射能を研究し二回ノーベル賞を取った。 考え終わり。",キュリーは放射能を研究し二回ノーベル賞を取った。
560,短く説明:キュリー。,"よし,一歩ずつ。 物理学者,放射能,二回ノーベル賞。 よって:キュリーは放射能を研究し二回ノーベル賞を取った。 考え終わり。",キュリーは放射能を研究し二回ノーベル賞を取った。
561,キュリーについて何を知る?,"よし,考えよう。 物理学者,放射能,二回ノーベル賞。 だから答え:キュリーは放射能を研究し二回ノーベル賞を取った。 頭に全部はっきり。",キュリーは放射能を研究し二回ノーベル賞を取った。
562,フランス革命は何?,"頭でたどる。 1789年以来,自由平等友愛。 だから答え:フランス革命1789年以来君主制を倒した,自由平等友愛。 確かだよ。","フランス革命1789年以来君主制を倒した,自由平等友愛。"
563,短く説明:フランス革命。,"ちょっと待って,考える。 1789年以来,自由平等友愛。 よって:フランス革命1789年以来君主制を倒した,自由平等友愛。 道理だね。","フランス革命1789年以来君主制を倒した,自由平等友愛。"
564,フランス革命について何を知る?,"うーん,これについて何を知る? 1789年以来,自由平等友愛。 よって:フランス革命1789年以来君主制を倒した,自由平等友愛。 考え終わり。","フランス革命1789年以来君主制を倒した,自由平等友愛。"
565,人権は何?,"まず落ち着いて。 普遍の基本の権利。 結論:人権は皆の基本の権利,生命自由平等など。 確かだよ。","人権は皆の基本の権利,生命自由平等など。"
566,短く説明:人権。,"うーん,これについて何を知る? 普遍の基本の権利。 よって:人権は皆の基本の権利,生命自由平等など。 道理だね。","人権は皆の基本の権利,生命自由平等など。"
567,人権について何を知る?,"ちょっと待って,考える。 普遍の基本の権利。 よって:人権は皆の基本の権利,生命自由平等など。 いいよ,進もう。","人権は皆の基本の権利,生命自由平等など。"
568,インフレは何?,"うーん,これについて何を知る? 経済:お金の価値が下がり,値が上がる。 結論:インフレは値が上がりお金の価値が下がること。 意味わかる。",インフレは値が上がりお金の価値が下がること。
569,短く説明:インフレ。,"頭でたどる。 経済:お金の価値が下がり,値が上がる。 よって:インフレは値が上がりお金の価値が下がること。 よし,決めた。",インフレは値が上がりお金の価値が下がること。
570,インフレについて何を知る?,"よし,考えよう。 経済:お金の価値が下がり,値が上がる。 結論:インフレは値が上がりお金の価値が下がること。 確かだよ。",インフレは値が上がりお金の価値が下がること。
571,工業化は何?,"よし,一歩ずつ。 18世紀以来機械と工場。 結論:工業化は18世紀以来機械と工場への変化。 道理だね。",工業化は18世紀以来機械と工場への変化。
572,短く説明:工業化。,"よし,考えよう。 18世紀以来機械と工場。 よって:工業化は18世紀以来機械と工場への変化。 うん,合う。",工業化は18世紀以来機械と工場への変化。
573,工業化について何を知る?,"整理しよう。 18世紀以来機械と工場。 結論:工業化は18世紀以来機械と工場への変化。 よし,決めた。",工業化は18世紀以来機械と工場への変化。
574,インターネットはいつ発明?,"よし,考えよう。 ARPANET1969,ウェブ1989。 よって:基礎は1969年ARPANET,ウェブ1989年以来。 意味わかる。","基礎は1969年ARPANET,ウェブ1989年以来。"
575,短く説明:インターネット。,"まず落ち着いて。 ARPANET1969,ウェブ1989。 よって:基礎は1969年ARPANET,ウェブ1989年以来。 よし,決めた。","基礎は1969年ARPANET,ウェブ1989年以来。"
576,インターネットについて何を知る?,"よし,考えよう。 ARPANET1969,ウェブ1989。 よって:基礎は1969年ARPANET,ウェブ1989年以来。 確かだよ。","基礎は1969年ARPANET,ウェブ1989年以来。"
577,自動車はいつ発明?,"ちょっと待って,考える。 1886年ベンツ。 だから答え:自動車は1886年ベンツが発明した。 よし,決めた。",自動車は1886年ベンツが発明した。
578,短く説明:自動車。,頭でたどる。 1886年ベンツ。 だから答え:自動車は1886年ベンツが発明した。 考え終わり。,自動車は1886年ベンツが発明した。
579,自動車について何を知る?,"よし,一歩ずつ。 1886年ベンツ。 よって:自動車は1886年ベンツが発明した。 意味わかる。",自動車は1886年ベンツが発明した。
580,飛行機を誰が発明した?,"うーん,これについて何を知る? ライト兄弟,1903年飛行。 だから答え:初動力飛行は1903年ライト兄弟。 頭に全部はっきり。",初動力飛行は1903年ライト兄弟。
581,短く説明:飛行機。,"ちょっと待って,考える。 ライト兄弟,1903年飛行。 だから答え:初動力飛行は1903年ライト兄弟。 うん,合う。",初動力飛行は1903年ライト兄弟。
582,飛行機について何を知る?,"うーん,これについて何を知る? ライト兄弟,1903年飛行。 だから答え:初動力飛行は1903年ライト兄弟。 確かだよ。",初動力飛行は1903年ライト兄弟。
583,ドイツで何歳から投票?,"いい質問,少し考える。 連邦議会18歳,欧州選挙16歳。 よって:連邦議会18歳から。ドイツ欧州選挙16歳から。 確かだよ。",連邦議会18歳から。ドイツ欧州選挙16歳から。
584,短く説明:投票年齢。,"整理しよう。 連邦議会18歳,欧州選挙16歳。 だから答え:連邦議会18歳から。ドイツ欧州選挙16歳から。 確かだよ。",連邦議会18歳から。ドイツ欧州選挙16歳から。
585,投票年齢について何を知る?,"よし,一歩ずつ。 連邦議会18歳,欧州選挙16歳。 結論:連邦議会18歳から。ドイツ欧州選挙16歳から。 確かだよ。",連邦議会18歳から。ドイツ欧州選挙16歳から。
586,選挙はどう動く?簡単に。,"うーん,これについて何を知る? 有権者が投票,数え,議席。 結論:有権者が投票し,数え,結果で議席を分ける。 考え終わり。","有権者が投票し,数え,結果で議席を分ける。"
587,短く説明:選挙。,"よし,考えよう。 有権者が投票,数え,議席。 結論:有権者が投票し,数え,結果で議席を分ける。 意味わかる。","有権者が投票し,数え,結果で議席を分ける。"
588,選挙について何を知る?,"よし,一歩ずつ。 有権者が投票,数え,議席。 だから答え:有権者が投票し,数え,結果で議席を分ける。 意味わかる。","有権者が投票し,数え,結果で議席を分ける。"
589,独裁と民主の違いは?,"いい質問,少し考える。 一人支配対人民の力。 よって:独裁は一人か集団が自由選挙なしで治める;民主の力は人民から。 考え終わり。",独裁は一人か集団が自由選挙なしで治める;民主の力は人民から。
590,短く説明:独裁と民主。,"ちょっと待って,考える。 一人支配対人民の力。 よって:独裁は一人か集団が自由選挙なしで治める;民主の力は人民から。 意味わかる。",独裁は一人か集団が自由選挙なしで治める;民主の力は人民から。
591,独裁と民主について何を知る?,"ちょっと待って,考える。 一人支配対人民の力。 だから答え:独裁は一人か集団が自由選挙なしで治める;民主の力は人民から。 頭に全部はっきり。",独裁は一人か集団が自由選挙なしで治める;民主の力は人民から。
592,持続とは何の意味?,"まず落ち着いて。 未来の世代に資源。 よって:持続は未来の世代にも資源が残る生き方。 うん,合う。",持続は未来の世代にも資源が残る生き方。
593,短く説明:持続。,"ちょっと待って,考える。 未来の世代に資源。 結論:持続は未来の世代にも資源が残る生き方。 道理だね。",持続は未来の世代にも資源が残る生き方。
594,持続について何を知る?,"まず落ち着いて。 未来の世代に資源。 よって:持続は未来の世代にも資源が残る生き方。 うん,合う。",持続は未来の世代にも資源が残る生き方。
595,いじめは何?どうする?,"頭でたどる。 繰り返し;助け,証拠。 だから答え:いじめは繰り返しいじめ。信じる人と話し,証拠を残し,助けを求める。 道理だね。","いじめは繰り返しいじめ。信じる人と話し,証拠を残し,助けを求める。"
596,短く説明:いじめ。,"整理しよう。 繰り返し;助け,証拠。 よって:いじめは繰り返しいじめ。信じる人と話し,証拠を残し,助けを求める。 頭に全部はっきり。","いじめは繰り返しいじめ。信じる人と話し,証拠を残し,助けを求める。"
597,いじめについて何を知る?,"まず落ち着いて。 繰り返し;助け,証拠。 結論:いじめは繰り返しいじめ。信じる人と話し,証拠を残し,助けを求める。 道理だね。","いじめは繰り返しいじめ。信じる人と話し,証拠を残し,助けを求める。"
598,平和は何の意味?,"よし,一歩ずつ。 戦争暴力なしで生きる。 結論:平和は戦争暴力なしで共に生きること。 考え終わり。",平和は戦争暴力なしで共に生きること。
599,短く説明:平和。,"よし,考えよう。 戦争暴力なしで生きる。 結論:平和は戦争暴力なしで共に生きること。 頭に全部はっきり。",平和は戦争暴力なしで共に生きること。
600,平和について何を知る?,頭でたどる。 戦争暴力なしで生きる。 だから答え:平和は戦争暴力なしで共に生きること。 道理だね。,平和は戦争暴力なしで共に生きること。
601,自由は何の意味?,整理しよう。 他人を傷つけず自由に生きる。 だから答え:自由は他人を傷つけず自由に生きること。 確かだよ。,自由は他人を傷つけず自由に生きること。
602,短く説明:自由。,"いい質問,少し考える。 他人を傷つけず自由に生きる。 よって:自由は他人を傷つけず自由に生きること。 意味わかる。",自由は他人を傷つけず自由に生きること。
603,自由について何を知る?,"頭でたどる。 他人を傷つけず自由に生きる。 よって:自由は他人を傷つけず自由に生きること。 うん,合う。",自由は他人を傷つけず自由に生きること。
604,正義は何の意味?,"ちょっと待って,考える。 皆に公平平等。 結論:正義は一人一人に公平平等なこと。 いいよ,進もう。",正義は一人一人に公平平等なこと。
605,短く説明:正義。,"まず落ち着いて。 皆に公平平等。 だから答え:正義は一人一人に公平平等なこと。 いいよ,進もう。",正義は一人一人に公平平等なこと。
606,正義について何を知る?,"よし,考えよう。 皆に公平平等。 よって:正義は一人一人に公平平等なこと。 いいよ,進もう。",正義は一人一人に公平平等なこと。
607,空はなぜ青い?,"まず落ち着いて。 レイリー散乱が青を散らす。 結論:空は青い,レイリー散乱のため:青い光が赤より散る。 頭に全部はっきり。","空は青い,レイリー散乱のため:青い光が赤より散る。"
608,青い空を一文で説明。,"まず落ち着いて。 レイリー散乱が青を散らす。 だから答え:空は青い,レイリー散乱のため:青い光が赤より散る。 道理だね。","空は青い,レイリー散乱のため:青い光が赤より散る。"
609,青い空は何?(短く),"まず落ち着いて。 レイリー散乱が青を散らす。 結論:空は青い,レイリー散乱のため:青い光が赤より散る。 道理だね。","空は青い,レイリー散乱のため:青い光が赤より散る。"
610,雨はどうできる?,"よし,考えよう。 循環:蒸発,凝縮,降水。 だから答え:雨は蒸発でできる:水が上がり,冷え,雲になり,滴で落ちる。 確かだよ。","雨は蒸発でできる:水が上がり,冷え,雲になり,滴で落ちる。"
611,雨を一文で説明。,"うーん,これについて何を知る? 循環:蒸発,凝縮,降水。 だから答え:雨は蒸発でできる:水が上がり,冷え,雲になり,滴で落ちる。 道理だね。","雨は蒸発でできる:水が上がり,冷え,雲になり,滴で落ちる。"
612,雨は何?(短く),"ちょっと待って,考える。 循環:蒸発,凝縮,降水。 よって:雨は蒸発でできる:水が上がり,冷え,雲になり,滴で落ちる。 頭に全部はっきり。","雨は蒸発でできる:水が上がり,冷え,雲になり,滴で落ちる。"
613,光合成は何?,"まず落ち着いて。 植物:光,水,CO2から糖と酸素。 結論:光合成は光水CO2から糖と酸素を作る。 確かだよ。",光合成は光水CO2から糖と酸素を作る。
614,光合成を一文で説明。,"よし,考えよう。 植物:光,水,CO2から糖と酸素。 よって:光合成は光水CO2から糖と酸素を作る。 頭に全部はっきり。",光合成は光水CO2から糖と酸素を作る。
615,光合成は何?(短く),"うーん,これについて何を知る? 植物:光,水,CO2から糖と酸素。 だから答え:光合成は光水CO2から糖と酸素を作る。 うん,合う。",光合成は光水CO2から糖と酸素を作る。
616,天気と気候の違いは?,"いい質問,少し考える。 天気は短期,気候は30年平均。 だから答え:天気は短期の状態;気候は約30年平均。 意味わかる。",天気は短期の状態;気候は約30年平均。
617,天気と気候を一文で説明。,"よし,考えよう。 天気は短期,気候は30年平均。 だから答え:天気は短期の状態;気候は約30年平均。 意味わかる。",天気は短期の状態;気候は約30年平均。
618,天気と気候は何?(短く),"うーん,これについて何を知る? 天気は短期,気候は30年平均。 よって:天気は短期の状態;気候は約30年平均。 頭に全部はっきり。",天気は短期の状態;気候は約30年平均。
619,冷蔵庫は大体どう動く?,"いい質問,少し考える。 冷媒,熱を中から外へ。 結論:冷蔵庫は冷媒で熱を中から外へ送る:中で蒸発し熱を取り,外で出す。 道理だね。","冷蔵庫は冷媒で熱を中から外へ送る:中で蒸発し熱を取り,外で出す。"
620,冷蔵庫を一文で説明。,"いい質問,少し考える。 冷媒,熱を中から外へ。 よって:冷蔵庫は冷媒で熱を中から外へ送る:中で蒸発し熱を取り,外で出す。 考え終わり。","冷蔵庫は冷媒で熱を中から外へ送る:中で蒸発し熱を取り,外で出す。"
621,冷蔵庫は何?(短く),"よし,考えよう。 冷媒,熱を中から外へ。 結論:冷蔵庫は冷媒で熱を中から外へ送る:中で蒸発し熱を取り,外で出す。 道理だね。","冷蔵庫は冷媒で熱を中から外へ送る:中で蒸発し熱を取り,外で出す。"
622,電気は簡単に何?,"ちょっと待って,考える。 電子の向きある動き。 だから答え:電気は簡単に電荷の向きある動き,普通線の電子。 よし,決めた。","電気は簡単に電荷の向きある動き,普通線の電子。"
623,電気を一文で説明。,"よし,考えよう。 電子の向きある動き。 だから答え:電気は簡単に電荷の向きある動き,普通線の電子。 うん,合う。","電気は簡単に電荷の向きある動き,普通線の電子。"
624,電気は何?(短く),"うーん,これについて何を知る? 電子の向きある動き。 よって:電気は簡単に電荷の向きある動き,普通線の電子。 考え終わり。","電気は簡単に電荷の向きある動き,普通線の電子。"
625,水は化学的に何?,"よし,一歩ずつ。 H2O,水素と酸素。 結論:水はH2O,水素と酸素の化合物。 確かだよ。","水はH2O,水素と酸素の化合物。"
626,水の化学を一文で説明。,"よし,考えよう。 H2O,水素と酸素。 よって:水はH2O,水素と酸素の化合物。 確かだよ。","水はH2O,水素と酸素の化合物。"
627,水の化学は何?(短く),"うーん,これについて何を知る? H2O,水素と酸素。 よって:水はH2O,水素と酸素の化合物。 いいよ,進もう。","水はH2O,水素と酸素の化合物。"
628,ウイルスは何?,"いい質問,少し考える。 小さい,宿主細胞が必要。 だから答え:ウイルスは小さい病原,宿主細胞なしで増えない。 道理だね。","ウイルスは小さい病原,宿主細胞なしで増えない。"
629,ウイルスを一文で説明。,"よし,一歩ずつ。 小さい,宿主細胞が必要。 よって:ウイルスは小さい病原,宿主細胞なしで増えない。 確かだよ。","ウイルスは小さい病原,宿主細胞なしで増えない。"
630,ウイルスは何?(短く),"頭でたどる。 小さい,宿主細胞が必要。 よって:ウイルスは小さい病原,宿主細胞なしで増えない。 頭に全部はっきり。","ウイルスは小さい病原,宿主細胞なしで増えない。"
631,人工知能は簡単に何?,整理しよう。 型を学ぶプログラム。 だから答え:人工知能はデータから学び型を知り仕事を解くプログラム。 考え終わり。,人工知能はデータから学び型を知り仕事を解くプログラム。
632,AIを一文で説明。,"まず落ち着いて。 型を学ぶプログラム。 だから答え:人工知能はデータから学び型を知り仕事を解くプログラム。 うん,合う。",人工知能はデータから学び型を知り仕事を解くプログラム。
633,AIは何?(短く),"うーん,これについて何を知る? 型を学ぶプログラム。 だから答え:人工知能はデータから学び型を知り仕事を解くプログラム。 確かだよ。",人工知能はデータから学び型を知り仕事を解くプログラム。
634,ブラウザは何?,"ちょっと待って,考える。 サイトのプログラム,例Chrome,Firefox。 だから答え:ブラウザはサイトを開くプログラム,例Chrome,Firefox,EdgeやSafari。 考え終わり。","ブラウザはサイトを開くプログラム,例Chrome,Firefox,EdgeやSafari。"
635,ブラウザを一文で説明。,"よし,一歩ずつ。 サイトのプログラム,例Chrome,Firefox。 結論:ブラウザはサイトを開くプログラム,例Chrome,Firefox,EdgeやSafari。 いいよ,進もう。","ブラウザはサイトを開くプログラム,例Chrome,Firefox,EdgeやSafari。"
636,ブラウザは何?(短く),"うーん,これについて何を知る? サイトのプログラム,例Chrome,Firefox。 よって:ブラウザはサイトを開くプログラム,例Chrome,Firefox,EdgeやSafari。 うん,合う。","ブラウザはサイトを開くプログラム,例Chrome,Firefox,EdgeやSafari。"
637,アプリは何?,"ちょっと待って,考える。 プログラム,普通電話用。 だから答え:アプリはプログラム,普通電話用,例メッセージ写真ゲーム。 いいよ,進もう。","アプリはプログラム,普通電話用,例メッセージ写真ゲーム。"
638,アプリを一文で説明。,"よし,一歩ずつ。 プログラム,普通電話用。 結論:アプリはプログラム,普通電話用,例メッセージ写真ゲーム。 いいよ,進もう。","アプリはプログラム,普通電話用,例メッセージ写真ゲーム。"
639,アプリは何?(短く),"よし,考えよう。 プログラム,普通電話用。 結論:アプリはプログラム,普通電話用,例メッセージ写真ゲーム。 考え終わり。","アプリはプログラム,普通電話用,例メッセージ写真ゲーム。"
640,なぜ水を飲む?,"いい質問,少し考える。 循環,集中,肌,腎臓。 よって:水は循環と集中を安定させ,腎臓と肌を助け,頭痛を防ぐ。 頭に全部はっきり。","水は循環と集中を安定させ,腎臓と肌を助け,頭痛を防ぐ。"
641,水を飲むを一文で説明。,"よし,一歩ずつ。 循環,集中,肌,腎臓。 だから答え:水は循環と集中を安定させ,腎臓と肌を助け,頭痛を防ぐ。 確かだよ。","水は循環と集中を安定させ,腎臓と肌を助け,頭痛を防ぐ。"
642,水を飲むは何?(短く),"ちょっと待って,考える。 循環,集中,肌,腎臓。 だから答え:水は循環と集中を安定させ,腎臓と肌を助け,頭痛を防ぐ。 道理だね。","水は循環と集中を安定させ,腎臓と肌を助け,頭痛を防ぐ。"
643,歯をどれだけ磨く?,"よし,考えよう。 2分,一日二回。 よって:約2分,一日二回。 考え終わり。","約2分,一日二回。"
644,歯を磨くを一文で説明。,"うーん,これについて何を知る? 2分,一日二回。 よって:約2分,一日二回。 うん,合う。","約2分,一日二回。"
645,歯を磨くは何?(短く),"ちょっと待って,考える。 2分,一日二回。 だから答え:約2分,一日二回。 意味わかる。","約2分,一日二回。"
646,重力は何?,"うーん,これについて何を知る? 質量の間の引力;地球が引く。 だから答え:重力は質量の間の引力。地球が全部下へ引く,だから物が落ちる。 考え終わり。","重力は質量の間の引力。地球が全部下へ引く,だから物が落ちる。"
647,重力を一文で説明。,"いい質問,少し考える。 質量の間の引力;地球が引く。 よって:重力は質量の間の引力。地球が全部下へ引く,だから物が落ちる。 よし,決めた。","重力は質量の間の引力。地球が全部下へ引く,だから物が落ちる。"
648,重力は何?(短く),"頭でたどる。 質量の間の引力;地球が引く。 だから答え:重力は質量の間の引力。地球が全部下へ引く,だから物が落ちる。 よし,決めた。","重力は質量の間の引力。地球が全部下へ引く,だから物が落ちる。"
649,空気は何?,"整理しよう。 窒素酸素などの混ざり。 結論:空気はガスの混ざり,主に窒素と酸素。 いいよ,進もう。","空気はガスの混ざり,主に窒素と酸素。"
650,空気を一文で説明。,"頭でたどる。 窒素酸素などの混ざり。 よって:空気はガスの混ざり,主に窒素と酸素。 意味わかる。","空気はガスの混ざり,主に窒素と酸素。"
651,空気は何?(短く),"ちょっと待って,考える。 窒素酸素などの混ざり。 結論:空気はガスの混ざり,主に窒素と酸素。 道理だね。","空気はガスの混ざり,主に窒素と酸素。"
652,心臓は何する?,"よし,一歩ずつ。 体に血を送る。 結論:心臓は体全体に血を送る。 頭に全部はっきり。",心臓は体全体に血を送る。
653,心臓を一文で説明。,"ちょっと待って,考える。 体に血を送る。 よって:心臓は体全体に血を送る。 意味わかる。",心臓は体全体に血を送る。
654,心臓は何?(短く),まず落ち着いて。 体に血を送る。 結論:心臓は体全体に血を送る。 頭に全部はっきり。,心臓は体全体に血を送る。
655,肺は何する?,"ちょっと待って,考える。 酸素を取り,CO2を出す。 よって:肺は酸素を取り二酸化炭素を出す。 意味わかる。",肺は酸素を取り二酸化炭素を出す。
656,肺を一文で説明。,"いい質問,少し考える。 酸素を取り,CO2を出す。 よって:肺は酸素を取り二酸化炭素を出す。 よし,決めた。",肺は酸素を取り二酸化炭素を出す。
657,肺は何?(短く),"まず落ち着いて。 酸素を取り,CO2を出す。 だから答え:肺は酸素を取り二酸化炭素を出す。 意味わかる。",肺は酸素を取り二酸化炭素を出す。
658,睡眠はなぜ大事?,"頭でたどる。 回復,記憶,免疫。 だから答え:睡眠は回復記憶免疫を助ける。 うん,合う。",睡眠は回復記憶免疫を助ける。
659,睡眠を一文で説明。,"いい質問,少し考える。 回復,記憶,免疫。 結論:睡眠は回復記憶免疫を助ける。 いいよ,進もう。",睡眠は回復記憶免疫を助ける。
660,睡眠は何?(短く),"整理しよう。 回復,記憶,免疫。 だから答え:睡眠は回復記憶免疫を助ける。 うん,合う。",睡眠は回復記憶免疫を助ける。
661,熱は何?,"よし,考えよう。 防御として高い温度。 結論:熱は高い体の温度,よく感染への防御。 考え終わり。","熱は高い体の温度,よく感染への防御。"
662,熱を一文で説明。,"よし,考えよう。 防御として高い温度。 結論:熱は高い体の温度,よく感染への防御。 うん,合う。","熱は高い体の温度,よく感染への防御。"
663,熱は何?(短く),"まず落ち着いて。 防御として高い温度。 だから答え:熱は高い体の温度,よく感染への防御。 確かだよ。","熱は高い体の温度,よく感染への防御。"
664,強いパスワードは何?,"よし,考えよう。 長い,唯一,管理に。 結論:強いパスワードは長い,サービスに唯一,管理に置く。 道理だね。","強いパスワードは長い,サービスに唯一,管理に置く。"
665,強いパスワードを一文で説明。,"いい質問,少し考える。 長い,唯一,管理に。 だから答え:強いパスワードは長い,サービスに唯一,管理に置く。 確かだよ。","強いパスワードは長い,サービスに唯一,管理に置く。"
666,強いパスワードは何?(短く),"いい質問,少し考える。 長い,唯一,管理に。 結論:強いパスワードは長い,サービスに唯一,管理に置く。 確かだよ。","強いパスワードは長い,サービスに唯一,管理に置く。"
667,Wi-Fiは何?,まず落ち着いて。 線なし地元網。 だから答え:Wi-Fiは線なし地元網でネット。 確かだよ。,Wi-Fiは線なし地元網でネット。
668,Wi-Fiを一文で説明。,"まず落ち着いて。 線なし地元網。 だから答え:Wi-Fiは線なし地元網でネット。 よし,決めた。",Wi-Fiは線なし地元網でネット。
669,Wi-Fiは何?(短く),"ちょっと待って,考える。 線なし地元網。 よって:Wi-Fiは線なし地元網でネット。 意味わかる。",Wi-Fiは線なし地元網でネット。
670,クラウドは何?,"よし,考えよう。 ネットにデータ置き仕事使う鯖。 よって:クラウドはネットの鯖,データを置き仕事を使う。 うん,合う。","クラウドはネットの鯖,データを置き仕事を使う。"
671,クラウドを一文で説明。,"頭でたどる。 ネットにデータ置き仕事使う鯖。 だから答え:クラウドはネットの鯖,データを置き仕事を使う。 いいよ,進もう。","クラウドはネットの鯖,データを置き仕事を使う。"
672,クラウドは何?(短く),"よし,考えよう。 ネットにデータ置き仕事使う鯖。 よって:クラウドはネットの鯖,データを置き仕事を使う。 頭に全部はっきり。","クラウドはネットの鯖,データを置き仕事を使う。"
673,GPSはどう動く?,"頭でたどる。 衛星,信号時間,計算。 だから答え:GPSは衛星の信号と旅時間で位置を見つける。 道理だね。",GPSは衛星の信号と旅時間で位置を見つける。
674,GPSを一文で説明。,"整理しよう。 衛星,信号時間,計算。 結論:GPSは衛星の信号と旅時間で位置を見つける。 うん,合う。",GPSは衛星の信号と旅時間で位置を見つける。
675,GPSは何?(短く),"よし,考えよう。 衛星,信号時間,計算。 結論:GPSは衛星の信号と旅時間で位置を見つける。 頭に全部はっきり。",GPSは衛星の信号と旅時間で位置を見つける。
676,なぜ昼と夜ある?,"整理しよう。 地球の回転。 だから答え:昼と夜は地球が回るから。太陽側が昼,もう一方が夜。 意味わかる。","昼と夜は地球が回るから。太陽側が昼,もう一方が夜。"
677,昼と夜を一文で説明。,"頭でたどる。 地球の回転。 よって:昼と夜は地球が回るから。太陽側が昼,もう一方が夜。 頭に全部はっきり。","昼と夜は地球が回るから。太陽側が昼,もう一方が夜。"
678,昼と夜は何?(短く),"うーん,これについて何を知る? 地球の回転。 よって:昼と夜は地球が回るから。太陽側が昼,もう一方が夜。 意味わかる。","昼と夜は地球が回るから。太陽側が昼,もう一方が夜。"
679,なぜ季節ある?,"整理しよう。 地軸の傾き。 だから答え:季節は軸の傾きから:各半球が順に太陽へ傾く。 いいよ,進もう。",季節は軸の傾きから:各半球が順に太陽へ傾く。
680,季節を一文で説明。,"ちょっと待って,考える。 地軸の傾き。 だから答え:季節は軸の傾きから:各半球が順に太陽へ傾く。 道理だね。",季節は軸の傾きから:各半球が順に太陽へ傾く。
681,季節は何?(短く),"よし,考えよう。 地軸の傾き。 よって:季節は軸の傾きから:各半球が順に太陽へ傾く。 よし,決めた。",季節は軸の傾きから:各半球が順に太陽へ傾く。
682,月はなぜ光る?,"いい質問,少し考える。 太陽を映す。 よって:月は光る,太陽の光を映すから。 いいよ,進もう。","月は光る,太陽の光を映すから。"
683,明るい月を一文で説明。,"よし,考えよう。 太陽を映す。 よって:月は光る,太陽の光を映すから。 道理だね。","月は光る,太陽の光を映すから。"
684,明るい月は何?(短く),"まず落ち着いて。 太陽を映す。 だから答え:月は光る,太陽の光を映すから。 意味わかる。","月は光る,太陽の光を映すから。"
685,太陽は何?,"ちょっと待って,考える。 熱いガスの星。 結論:太陽は熱いガスの星,光と熱を出す。 考え終わり。","太陽は熱いガスの星,光と熱を出す。"
686,太陽を一文で説明。,"まず落ち着いて。 熱いガスの星。 よって:太陽は熱いガスの星,光と熱を出す。 いいよ,進もう。","太陽は熱いガスの星,光と熱を出す。"
687,太陽は何?(短く),"まず落ち着いて。 熱いガスの星。 結論:太陽は熱いガスの星,光と熱を出す。 うん,合う。","太陽は熱いガスの星,光と熱を出す。"
688,太陽系に惑星いくつ?,"いい質問,少し考える。 8惑星。 だから答え:太陽系に8惑星:水星,金星,地球,火星,木星,土星,天王星,海王星。 考え終わり。","太陽系に8惑星:水星,金星,地球,火星,木星,土星,天王星,海王星。"
689,惑星を一文で説明。,"よし,考えよう。 8惑星。 だから答え:太陽系に8惑星:水星,金星,地球,火星,木星,土星,天王星,海王星。 意味わかる。","太陽系に8惑星:水星,金星,地球,火星,木星,土星,天王星,海王星。"
690,惑星は何?(短く),"よし,考えよう。 8惑星。 結論:太陽系に8惑星:水星,金星,地球,火星,木星,土星,天王星,海王星。 確かだよ。","太陽系に8惑星:水星,金星,地球,火星,木星,土星,天王星,海王星。"
691,原子は何?,"よし,一歩ずつ。 最小単位:核と電子。 結論:原子は物質の最小単位,核と電子から。 よし,決めた。","原子は物質の最小単位,核と電子から。"
692,原子を一文で説明。,"まず落ち着いて。 最小単位:核と電子。 だから答え:原子は物質の最小単位,核と電子から。 いいよ,進もう。","原子は物質の最小単位,核と電子から。"
693,原子は何?(短く),"よし,考えよう。 最小単位:核と電子。 だから答え:原子は物質の最小単位,核と電子から。 確かだよ。","原子は物質の最小単位,核と電子から。"
694,リサイクルは何?,"よし,一歩ずつ。 ゴミ集め,新しい品作る。 結論:リサイクルはゴミを集め新しい品を作る。 よし,決めた。",リサイクルはゴミを集め新しい品を作る。
695,リサイクルを一文で説明。,"よし,一歩ずつ。 ゴミ集め,新しい品作る。 結論:リサイクルはゴミを集め新しい品を作る。 確かだよ。",リサイクルはゴミを集め新しい品を作る。
696,リサイクルは何?(短く),"整理しよう。 ゴミ集め,新しい品作る。 よって:リサイクルはゴミを集め新しい品を作る。 道理だね。",リサイクルはゴミを集め新しい品を作る。
697,温室効果は何?,"ちょっと待って,考える。 ガスが熱を保つ。 結論:温室効果は熱を保つ。ガスが多すぎると気候が熱くなる。 確かだよ。",温室効果は熱を保つ。ガスが多すぎると気候が熱くなる。
698,温室効果を一文で説明。,"ちょっと待って,考える。 ガスが熱を保つ。 だから答え:温室効果は熱を保つ。ガスが多すぎると気候が熱くなる。 意味わかる。",温室効果は熱を保つ。ガスが多すぎると気候が熱くなる。
699,温室効果は何?(短く),"うーん,これについて何を知る? ガスが熱を保つ。 結論:温室効果は熱を保つ。ガスが多すぎると気候が熱くなる。 確かだよ。",温室効果は熱を保つ。ガスが多すぎると気候が熱くなる。
700,蜂はなぜ大事?,"まず落ち着いて。 受粉,収穫。 よって:蜂は植物を受粉し,収穫と多様を守る。 考え終わり。","蜂は植物を受粉し,収穫と多様を守る。"
701,蜂を一文で説明。,"うーん,これについて何を知る? 受粉,収穫。 よって:蜂は植物を受粉し,収穫と多様を守る。 うん,合う。","蜂は植物を受粉し,収穫と多様を守る。"
702,蜂は何?(短く),"よし,考えよう。 受粉,収穫。 よって:蜂は植物を受粉し,収穫と多様を守る。 考え終わり。","蜂は植物を受粉し,収穫と多様を守る。"
703,葉はなぜ緑?,"よし,一歩ずつ。 色素クロロフィル。 結論:葉は緑,光合成の色素クロロフィルのため。 道理だね。","葉は緑,光合成の色素クロロフィルのため。"
704,緑の葉を一文で説明。,"まず落ち着いて。 色素クロロフィル。 よって:葉は緑,光合成の色素クロロフィルのため。 頭に全部はっきり。","葉は緑,光合成の色素クロロフィルのため。"
705,緑の葉は何?(短く),"ちょっと待って,考える。 色素クロロフィル。 よって:葉は緑,光合成の色素クロロフィルのため。 確かだよ。","葉は緑,光合成の色素クロロフィルのため。"
706,哺乳類は何?,"よし,一歩ずつ。 毛,生み,乳。 だから答え:哺乳類は毛があり,子を生み,乳で育てる。 よし,決めた。","哺乳類は毛があり,子を生み,乳で育てる。"
707,哺乳類を一文で説明。,"よし,考えよう。 毛,生み,乳。 よって:哺乳類は毛があり,子を生み,乳で育てる。 うん,合う。","哺乳類は毛があり,子を生み,乳で育てる。"
708,哺乳類は何?(短く),"よし,一歩ずつ。 毛,生み,乳。 よって:哺乳類は毛があり,子を生み,乳で育てる。 考え終わり。","哺乳類は毛があり,子を生み,乳で育てる。"
709,電池はどう動く?,"ちょっと待って,考える。 化学を電気に。 結論:電池は化学を電気に変える。 道理だね。",電池は化学を電気に変える。
710,電池を一文で説明。,"よし,一歩ずつ。 化学を電気に。 だから答え:電池は化学を電気に変える。 確かだよ。",電池は化学を電気に変える。
711,電池は何?(短く),まず落ち着いて。 化学を電気に。 よって:電池は化学を電気に変える。 確かだよ。,電池は化学を電気に変える。
712,太陽力はどう動く?,"整理しよう。 電池:光を電流に。 結論:太陽電池は光を直接電流に変える。 よし,決めた。",太陽電池は光を直接電流に変える。
713,太陽力を一文で説明。,"よし,一歩ずつ。 電池:光を電流に。 結論:太陽電池は光を直接電流に変える。 うん,合う。",太陽電池は光を直接電流に変える。
714,太陽力は何?(短く),"整理しよう。 電池:光を電流に。 だから答え:太陽電池は光を直接電流に変える。 よし,決めた。",太陽電池は光を直接電流に変える。
715,コンピュータウイルスは何?,"まず落ち着いて。 広がる悪いプログラム。 だから答え:ウイルスは広がり害する悪いプログラム。更新と注意で守る。 よし,決めた。",ウイルスは広がり害する悪いプログラム。更新と注意で守る。
716,コンピュータウイルスを一文で説明。,"よし,一歩ずつ。 広がる悪いプログラム。 結論:ウイルスは広がり害する悪いプログラム。更新と注意で守る。 頭に全部はっきり。",ウイルスは広がり害する悪いプログラム。更新と注意で守る。
717,コンピュータウイルスは何?(短く),"よし,一歩ずつ。 広がる悪いプログラム。 結論:ウイルスは広がり害する悪いプログラム。更新と注意で守る。 よし,決めた。",ウイルスは広がり害する悪いプログラム。更新と注意で守る。
718,プラスチックはなぜ問題?,"頭でたどる。 長いゴミ,ミクロプラ。 だから答え:プラスチックはほぼ腐らず,自然と海を汚し,ミクロプラになる。 いいよ,進もう。","プラスチックはほぼ腐らず,自然と海を汚し,ミクロプラになる。"
719,プラスチックを一文で説明。,"いい質問,少し考える。 長いゴミ,ミクロプラ。 だから答え:プラスチックはほぼ腐らず,自然と海を汚し,ミクロプラになる。 頭に全部はっきり。","プラスチックはほぼ腐らず,自然と海を汚し,ミクロプラになる。"
720,プラスチックは何?(短く),"よし,考えよう。 長いゴミ,ミクロプラ。 よって:プラスチックはほぼ腐らず,自然と海を汚し,ミクロプラになる。 考え終わり。","プラスチックはほぼ腐らず,自然と海を汚し,ミクロプラになる。"
721,地震は何?,"まず落ち着いて。 板が動き,力が出る。 だから答え:地震は板が急に動き力を出す時。 いいよ,進もう。",地震は板が急に動き力を出す時。
722,地震を一文で説明。,"よし,考えよう。 板が動き,力が出る。 よって:地震は板が急に動き力を出す時。 うん,合う。",地震は板が急に動き力を出す時。
723,地震は何?(短く),"頭でたどる。 板が動き,力が出る。 結論:地震は板が急に動き力を出す時。 確かだよ。",地震は板が急に動き力を出す時。
724,蜜は何?,"うーん,これについて何を知る? 蜂が花蜜から作る。 結論:蜜は蜂が花の蜜から作る。 道理だね。",蜜は蜂が花の蜜から作る。
725,蜜を一文で説明。,"いい質問,少し考える。 蜂が花蜜から作る。 よって:蜜は蜂が花の蜜から作る。 いいよ,進もう。",蜜は蜂が花の蜜から作る。
726,蜜は何?(短く),"いい質問,少し考える。 蜂が花蜜から作る。 だから答え:蜜は蜂が花の蜜から作る。 確かだよ。",蜜は蜂が花の蜜から作る。
727,25かける4は?,"よし,考えよう。 計算:25*4=100。 確かめ:25かける4は100。 合う。 頭に全部はっきり。",25かける4は100。
728,200の12%は?,"よし,一歩ずつ。 百分:200*0,12=24。 確かめ:200の12%は24。 合う。 よし,決めた。",200の12%は24。
729,7かける8たす10は?,整理しよう。 順:7*8=56 +10=66。 確かめ:66だよ。 合う。 頭に全部はっきり。,66だよ。
730,電車は14:30に出て2時間15分走る。いつ着く?,"よし,考えよう。 足す:14:30 + 2:15 = 16:45。 数え直し:16:45に着く。 合う。 意味わかる。",16:45に着く。
731,りんご3つあり1つ食べる。いくつ残る?,"まず落ち着いて。 引く:3-1=2。 数え直し:2つ残る。 合う。 よし,決めた。",2つ残る。
732,22時に寝て6時に起きる。何時間寝る?,整理しよう。 時間:22-6 = 8時間。 調べ:8時間寝る。 正しい。 確かだよ。,8時間寝る。
733,100ユーロを4人で分ける。,"よし,考えよう。 割る:100/4=25。 確かめ:一人25ユーロ。 合う。 意味わかる。",一人25ユーロ。
734,2時間は何分?,"頭でたどる。 変える:2*60=120。 調べ:2時間は120分。 正しい。 よし,決めた。",2時間は120分。
735,一年は何日?,"ちょっと待って,考える。 知識:365,うるう366。 結論:一年は365日,うるう366日。 頭に全部はっきり。","一年は365日,うるう366日。"
736,一分は何秒?,"頭でたどる。 知識:60。 だから答え:一分は60秒。 いいよ,進もう。",一分は60秒。
737,18たす24は?,"ちょっと待って,考える。 足す:18+24=42。 調べ:18たす24は42。 正しい。 うん,合う。",18たす24は42。
738,83ひく81は?,"頭でたどる。 引く:83-81=2。 調べ:83ひく81は2。 正しい。 いいよ,進もう。",83ひく81は2。
739,7かける6は?,"まず落ち着いて。 かける:7*6=42。 数え直し:7かける6は42。 合う。 よし,決めた。",7かける6は42。
740,10わる5は?,頭でたどる。 わる:10/5=2。 調べ:10わる5は2。 正しい。 考え終わり。,10わる5は2。
741,1000の5%は?,"よし,考えよう。 百分:1000*5/100=50。 数え直し:1000の5%は50。 合う。 考え終わり。",1000の5%は50。
742,15たす49は?,"よし,一歩ずつ。 足す:15+49=64。 調べ:15たす49は64。 正しい。 確かだよ。",15たす49は64。
743,96ひく48は?,頭でたどる。 引く:96-48=48。 数え直し:96ひく48は48。 合う。 意味わかる。,96ひく48は48。
744,6かける8は?,"うーん,これについて何を知る? かける:6*8=48。 調べ:6かける8は48。 正しい。 道理だね。",6かける8は48。
745,30わる5は?,"よし,考えよう。 わる:30/5=6。 数え直し:30わる5は6。 合う。 いいよ,進もう。",30わる5は6。
746,19たす29は?,"よし,考えよう。 足す:19+29=48。 調べ:19たす29は48。 正しい。 いいよ,進もう。",19たす29は48。
747,52ひく41は?,"まず落ち着いて。 引く:52-41=11。 数え直し:52ひく41は11。 合う。 よし,決めた。",52ひく41は11。
748,8かける6は?,"うーん,これについて何を知る? かける:8*6=48。 調べ:8かける6は48。 正しい。 確かだよ。",8かける6は48。
749,54わる9は?,"よし,考えよう。 わる:54/9=6。 確かめ:54わる9は6。 合う。 確かだよ。",54わる9は6。
750,100の25%は?,整理しよう。 百分:100*25/100=25。 数え直し:100の25%は25。 合う。 考え終わり。,100の25%は25。
751,8たす24は?,"ちょっと待って,考える。 足す:8+24=32。 調べ:8たす24は32。 正しい。 うん,合う。",8たす24は32。
752,70ひく55は?,"よし,一歩ずつ。 引く:70-55=15。 確かめ:70ひく55は15。 合う。 よし,決めた。",70ひく55は15。
753,5かける9は?,"よし,一歩ずつ。 かける:5*9=45。 調べ:5かける9は45。 正しい。 考え終わり。",5かける9は45。
754,55わる11は?,整理しよう。 わる:55/11=5。 数え直し:55わる11は5。 合う。 考え終わり。,55わる11は5。
755,100の15%は?,頭でたどる。 百分:100*15/100=15。 調べ:100の15%は15。 正しい。 道理だね。,100の15%は15。
756,57たす58は?,"ちょっと待って,考える。 足す:57+58=115。 数え直し:57たす58は115。 合う。 考え終わり。",57たす58は115。
757,41ひく7は?,"よし,考えよう。 引く:41-7=34。 調べ:41ひく7は34。 正しい。 意味わかる。",41ひく7は34。
758,12かける12は?,"いい質問,少し考える。 かける:12*12=144。 調べ:12かける12は144。 正しい。 道理だね。",12かける12は144。
759,81わる9は?,"ちょっと待って,考える。 わる:81/9=9。 調べ:81わる9は9。 正しい。 確かだよ。",81わる9は9。
760,400の20%は?,"まず落ち着いて。 百分:400*20/100=80。 数え直し:400の20%は80。 合う。 よし,決めた。",400の20%は80。
761,14たす49は?,"よし,考えよう。 足す:14+49=63。 数え直し:14たす49は63。 合う。 いいよ,進もう。",14たす49は63。
762,57ひく40は?,"まず落ち着いて。 引く:57-40=17。 数え直し:57ひく40は17。 合う。 よし,決めた。",57ひく40は17。
763,48わる12は?,整理しよう。 わる:48/12=4。 確かめ:48わる12は4。 合う。 頭に全部はっきり。,48わる12は4。
764,400の15%は?,まず落ち着いて。 百分:400*15/100=60。 数え直し:400の15%は60。 合う。 考え終わり。,400の15%は60。
765,23たす20は?,"まず落ち着いて。 足す:23+20=43。 調べ:23たす20は43。 正しい。 よし,決めた。",23たす20は43。
766,79ひく58は?,"よし,一歩ずつ。 引く:79-58=21。 確かめ:79ひく58は21。 合う。 確かだよ。",79ひく58は21。
767,12かける6は?,"うーん,これについて何を知る? かける:12*6=72。 調べ:12かける6は72。 正しい。 意味わかる。",12かける6は72。
768,12わる6は?,"頭でたどる。 わる:12/6=2。 調べ:12わる6は2。 正しい。 よし,決めた。",12わる6は2。
769,500の50%は?,"整理しよう。 百分:500*50/100=250。 確かめ:500の50%は250。 合う。 いいよ,進もう。",500の50%は250。
770,17たす2は?,まず落ち着いて。 足す:17+2=19。 確かめ:17たす2は19。 合う。 意味わかる。,17たす2は19。
771,57ひく25は?,"いい質問,少し考える。 引く:57-25=32。 調べ:57ひく25は32。 正しい。 いいよ,進もう。",57ひく25は32。
772,4かける11は?,"ちょっと待って,考える。 かける:4*11=44。 数え直し:4かける11は44。 合う。 確かだよ。",4かける11は44。
773,84わる6は?,"うーん,これについて何を知る? わる:84/6=14。 調べ:84わる6は14。 正しい。 うん,合う。",84わる6は14。
774,300の20%は?,"頭でたどる。 百分:300*20/100=60。 数え直し:300の20%は60。 合う。 いいよ,進もう。",300の20%は60。
775,23たす8は?,"ちょっと待って,考える。 足す:23+8=31。 確かめ:23たす8は31。 合う。 道理だね。",23たす8は31。
776,80ひく15は?,"いい質問,少し考える。 引く:80-15=65。 数え直し:80ひく15は65。 合う。 いいよ,進もう。",80ひく15は65。
777,10かける12は?,"整理しよう。 かける:10*12=120。 調べ:10かける12は120。 正しい。 うん,合う。",10かける12は120。
778,48わる3は?,整理しよう。 わる:48/3=16。 数え直し:48わる3は16。 合う。 道理だね。,48わる3は16。
779,100の10%は?,整理しよう。 百分:100*10/100=10。 調べ:100の10%は10。 正しい。 道理だね。,100の10%は10。
780,52たす25は?,"よし,一歩ずつ。 足す:52+25=77。 数え直し:52たす25は77。 合う。 道理だね。",52たす25は77。
781,7ひく4は?,頭でたどる。 引く:7-4=3。 数え直し:7ひく4は3。 合う。 頭に全部はっきり。,7ひく4は3。
782,2かける11は?,まず落ち着いて。 かける:2*11=22。 調べ:2かける11は22。 正しい。 考え終わり。,2かける11は22。
783,156わる12は?,まず落ち着いて。 わる:156/12=13。 確かめ:156わる12は13。 合う。 意味わかる。,156わる12は13。
784,42たす11は?,"うーん,これについて何を知る? 足す:42+11=53。 調べ:42たす11は53。 正しい。 頭に全部はっきり。",42たす11は53。
785,65ひく6は?,"頭でたどる。 引く:65-6=59。 調べ:65ひく6は59。 正しい。 よし,決めた。",65ひく6は59。
786,7かける4は?,"まず落ち着いて。 かける:7*4=28。 数え直し:7かける4は28。 合う。 いいよ,進もう。",7かける4は28。
787,162わる9は?,整理しよう。 わる:162/9=18。 確かめ:162わる9は18。 合う。 考え終わり。,162わる9は18。
788,44たす43は?,"いい質問,少し考える。 足す:44+43=87。 調べ:44たす43は87。 正しい。 頭に全部はっきり。",44たす43は87。
789,82ひく9は?,"うーん,これについて何を知る? 引く:82-9=73。 調べ:82ひく9は73。 正しい。 確かだよ。",82ひく9は73。
790,5かける2は?,"よし,一歩ずつ。 かける:5*2=10。 確かめ:5かける2は10。 合う。 いいよ,進もう。",5かける2は10。
791,120わる8は?,"ちょっと待って,考える。 わる:120/8=15。 確かめ:120わる8は15。 合う。 道理だね。",120わる8は15。
792,1000の10%は?,整理しよう。 百分:1000*10/100=100。 数え直し:1000の10%は100。 合う。 道理だね。,1000の10%は100。
793,36たす46は?,"ちょっと待って,考える。 足す:36+46=82。 数え直し:36たす46は82。 合う。 よし,決めた。",36たす46は82。
794,19ひく3は?,"いい質問,少し考える。 引く:19-3=16。 調べ:19ひく3は16。 正しい。 考え終わり。",19ひく3は16。
795,3かける9は?,まず落ち着いて。 かける:3*9=27。 数え直し:3かける9は27。 合う。 意味わかる。,3かける9は27。
796,168わる12は?,"ちょっと待って,考える。 わる:168/12=14。 確かめ:168わる12は14。 合う。 いいよ,進もう。",168わる12は14。
797,200の50%は?,"よし,考えよう。 百分:200*50/100=100。 調べ:200の50%は100。 正しい。 うん,合う。",200の50%は100。
798,35たす39は?,"うーん,これについて何を知る? 足す:35+39=74。 調べ:35たす39は74。 正しい。 うん,合う。",35たす39は74。
799,31ひく17は?,"頭でたどる。 引く:31-17=14。 調べ:31ひく17は14。 正しい。 よし,決めた。",31ひく17は14。
800,140わる10は?,"ちょっと待って,考える。 わる:140/10=14。 調べ:140わる10は14。 正しい。 意味わかる。",140わる10は14。
801,52たす7は?,"よし,考えよう。 足す:52+7=59。 数え直し:52たす7は59。 合う。 うん,合う。",52たす7は59。
802,5ひく2は?,"よし,考えよう。 引く:5-2=3。 調べ:5ひく2は3。 正しい。 確かだよ。",5ひく2は3。
803,12かける11は?,まず落ち着いて。 かける:12*11=132。 数え直し:12かける11は132。 合う。 頭に全部はっきり。,12かける11は132。
804,102わる6は?,頭でたどる。 わる:102/6=17。 数え直し:102わる6は17。 合う。 意味わかる。,102わる6は17。
805,400の5%は?,"いい質問,少し考える。 百分:400*5/100=20。 数え直し:400の5%は20。 合う。 確かだよ。",400の5%は20。
806,31たす11は?,"よし,一歩ずつ。 足す:31+11=42。 確かめ:31たす11は42。 合う。 道理だね。",31たす11は42。
807,7かける2は?,"ちょっと待って,考える。 かける:7*2=14。 調べ:7かける2は14。 正しい。 考え終わり。",7かける2は14。
808,39わる3は?,まず落ち着いて。 わる:39/3=13。 数え直し:39わる3は13。 合う。 道理だね。,39わる3は13。
809,500の20%は?,まず落ち着いて。 百分:500*20/100=100。 確かめ:500の20%は100。 合う。 考え終わり。,500の20%は100。
810,37たす36は?,"うーん,これについて何を知る? 足す:37+36=73。 数え直し:37たす36は73。 合う。 よし,決めた。",37たす36は73。
811,19ひく5は?,"よし,考えよう。 引く:19-5=14。 確かめ:19ひく5は14。 合う。 よし,決めた。",19ひく5は14。
812,6かける10は?,頭でたどる。 かける:6*10=60。 調べ:6かける10は60。 正しい。 道理だね。,6かける10は60。
813,500の5%は?,"よし,一歩ずつ。 百分:500*5/100=25。 確かめ:500の5%は25。 合う。 確かだよ。",500の5%は25。
814,17たす10は?,"いい質問,少し考える。 足す:17+10=27。 調べ:17たす10は27。 正しい。 確かだよ。",17たす10は27。
815,89ひく13は?,"まず落ち着いて。 引く:89-13=76。 確かめ:89ひく13は76。 合う。 よし,決めた。",89ひく13は76。
816,10かける10は?,まず落ち着いて。 かける:10*10=100。 調べ:10かける10は100。 正しい。 道理だね。,10かける10は100。
817,66わる6は?,"よし,考えよう。 わる:66/6=11。 数え直し:66わる6は11。 合う。 道理だね。",66わる6は11。
818,200の15%は?,"うーん,これについて何を知る? 百分:200*15/100=30。 確かめ:200の15%は30。 合う。 意味わかる。",200の15%は30。
819,17たす39は?,頭でたどる。 足す:17+39=56。 調べ:17たす39は56。 正しい。 頭に全部はっきり。,17たす39は56。
820,57ひく31は?,"頭でたどる。 引く:57-31=26。 数え直し:57ひく31は26。 合う。 よし,決めた。",57ひく31は26。
821,2かける5は?,"ちょっと待って,考える。 かける:2*5=10。 数え直し:2かける5は10。 合う。 考え終わり。",2かける5は10。
822,176わる11は?,まず落ち着いて。 わる:176/11=16。 数え直し:176わる11は16。 合う。 道理だね。,176わる11は16。
823,500の10%は?,整理しよう。 百分:500*10/100=50。 数え直し:500の10%は50。 合う。 意味わかる。,500の10%は50。
824,8たす31は?,"うーん,これについて何を知る? 足す:8+31=39。 確かめ:8たす31は39。 合う。 確かだよ。",8たす31は39。
825,22ひく5は?,"よし,考えよう。 引く:22-5=17。 数え直し:22ひく5は17。 合う。 考え終わり。",22ひく5は17。
826,10かける4は?,"よし,考えよう。 かける:10*4=40。 調べ:10かける4は40。 正しい。 確かだよ。",10かける4は40。
827,80わる4は?,"まず落ち着いて。 わる:80/4=20。 確かめ:80わる4は20。 合う。 よし,決めた。",80わる4は20。
828,200の25%は?,"よし,考えよう。 百分:200*25/100=50。 調べ:200の25%は50。 正しい。 頭に全部はっきり。",200の25%は50。
829,28たす41は?,"ちょっと待って,考える。 足す:28+41=69。 確かめ:28たす41は69。 合う。 いいよ,進もう。",28たす41は69。
830,83ひく17は?,頭でたどる。 引く:83-17=66。 数え直し:83ひく17は66。 合う。 道理だね。,83ひく17は66。
831,8かける2は?,"よし,考えよう。 かける:8*2=16。 数え直し:8かける2は16。 合う。 道理だね。",8かける2は16。
832,49たす47は?,まず落ち着いて。 足す:49+47=96。 数え直し:49たす47は96。 合う。 道理だね。,49たす47は96。
833,53ひく12は?,まず落ち着いて。 引く:53-12=41。 調べ:53ひく12は41。 正しい。 頭に全部はっきり。,53ひく12は41。
834,22わる11は?,"うーん,これについて何を知る? わる:22/11=2。 調べ:22わる11は2。 正しい。 頭に全部はっきり。",22わる11は2。
835,100の20%は?,"頭でたどる。 百分:100*20/100=20。 数え直し:100の20%は20。 合う。 よし,決めた。",100の20%は20。
836,33たす21は?,"いい質問,少し考える。 足す:33+21=54。 調べ:33たす21は54。 正しい。 頭に全部はっきり。",33たす21は54。
837,74ひく7は?,整理しよう。 引く:74-7=67。 調べ:74ひく7は67。 正しい。 考え終わり。,74ひく7は67。
838,8かける8は?,"ちょっと待って,考える。 かける:8*8=64。 調べ:8かける8は64。 正しい。 うん,合う。",8かける8は64。
839,24わる6は?,頭でたどる。 わる:24/6=4。 調べ:24わる6は4。 正しい。 考え終わり。,24わる6は4。
840,300の10%は?,整理しよう。 百分:300*10/100=30。 確かめ:300の10%は30。 合う。 道理だね。,300の10%は30。
841,36たす9は?,"よし,一歩ずつ。 足す:36+9=45。 調べ:36たす9は45。 正しい。 頭に全部はっきり。",36たす9は45。
842,89ひく55は?,"うーん,これについて何を知る? 引く:89-55=34。 数え直し:89ひく55は34。 合う。 道理だね。",89ひく55は34。
843,7かける9は?,"ちょっと待って,考える。 かける:7*9=63。 数え直し:7かける9は63。 合う。 よし,決めた。",7かける9は63。
844,95わる5は?,まず落ち着いて。 わる:95/5=19。 確かめ:95わる5は19。 合う。 意味わかる。,95わる5は19。
845,34たす59は?,"ちょっと待って,考える。 足す:34+59=93。 調べ:34たす59は93。 正しい。 頭に全部はっきり。",34たす59は93。
846,映画は20:15に始まり90分。いつ終わる?,"うーん,これについて何を知る? 20:15 + 90分 = 21:45。 確かめ:21:45に終わる。 合う。 考え終わり。",21:45に終わる。
847,今9時。3時間30分後に約束。いつ?,"よし,考えよう。 9:00 + 3:30 = 12:30。 数え直し:約束は12:30。 合う。 考え終わり。",約束は12:30。
848,ケーキは45分焼く。16:20に入れる。いつできる?,頭でたどる。 16:20 + 0:45 = 17:05。 確かめ:17:05にできる。 合う。 頭に全部はっきり。,17:05にできる。
849,学校は8:00に始まり13:15に終わる。どれだけ?,"いい質問,少し考える。 13:15 - 8:00 = 5:15。 確かめ:5時間15分。 合う。 いいよ,進もう。",5時間15分。
850,"19:00から30分読む,いつ終わる?","いい質問,少し考える。 19:00 + 0:30 = 19:30。 調べ:19:30に終わる。 正しい。 道理だね。",19:30に終わる。
851,言葉をどう一番覚える?,"うーん,これについて何を知る? 短い毎日,カード,使う。 よって:一番短い毎日にカードで文に使い繰り返し。 頭に全部はっきり。",一番短い毎日にカードで文に使い繰り返し。
852,言葉を覚える - 助言?,"うーん,これについて何を知る? 短い毎日,カード,使う。 よって:一番短い毎日にカードで文に使い繰り返し。 確かだよ。",一番短い毎日にカードで文に使い繰り返し。
853,早い案内:言葉を覚える。,"いい質問,少し考える。 短い毎日,カード,使う。 よって:一番短い毎日にカードで文に使い繰り返し。 頭に全部はっきり。",一番短い毎日にカードで文に使い繰り返し。
854,毎日どう節約?,"整理しよう。 予算,契約,料理,比べ。 よって:予算を決め,契約を見て,多く料理し,値を比べ,先に固定を置く。 道理だね。","予算を決め,契約を見て,多く料理し,値を比べ,先に固定を置く。"
855,節約 - 助言?,"整理しよう。 予算,契約,料理,比べ。 よって:予算を決め,契約を見て,多く料理し,値を比べ,先に固定を置く。 意味わかる。","予算を決め,契約を見て,多く料理し,値を比べ,先に固定を置く。"
856,早い案内:節約。,"よし,考えよう。 予算,契約,料理,比べ。 だから答え:予算を決め,契約を見て,多く料理し,値を比べ,先に固定を置く。 考え終わり。","予算を決め,契約を見て,多く料理し,値を比べ,先に固定を置く。"
857,パスタトマトチーズだけ何作る?,"ちょっと待って,考える。 トマトチーズパスタ。 だから答え:簡単トマトソース作る:味付け,煮て,パスタにかけ,チーズをまく。 頭に全部はっきり。","簡単トマトソース作る:味付け,煮て,パスタにかけ,チーズをまく。"
858,早いパスタ - 助言?,"ちょっと待って,考える。 トマトチーズパスタ。 結論:簡単トマトソース作る:味付け,煮て,パスタにかけ,チーズをまく。 頭に全部はっきり。","簡単トマトソース作る:味付け,煮て,パスタにかけ,チーズをまく。"
859,早い案内:早いパスタ。,"うーん,これについて何を知る? トマトチーズパスタ。 よって:簡単トマトソース作る:味付け,煮て,パスタにかけ,チーズをまく。 よし,決めた。","簡単トマトソース作る:味付け,煮て,パスタにかけ,チーズをまく。"
860,"明日飛ぶ,何持つ?","よし,考えよう。 表:証,切符,金,電話,充電。 結論:持つ:証かパス,切符,金,電話と充電,薬,衛生と手荷物着替え。 意味わかる。","持つ:証かパス,切符,金,電話と充電,薬,衛生と手荷物着替え。"
861,飛行荷物 - 助言?,"ちょっと待って,考える。 表:証,切符,金,電話,充電。 だから答え:持つ:証かパス,切符,金,電話と充電,薬,衛生と手荷物着替え。 考え終わり。","持つ:証かパス,切符,金,電話と充電,薬,衛生と手荷物着替え。"
862,早い案内:飛行荷物。,"まず落ち着いて。 表:証,切符,金,電話,充電。 よって:持つ:証かパス,切符,金,電話と充電,薬,衛生と手荷物着替え。 道理だね。","持つ:証かパス,切符,金,電話と充電,薬,衛生と手荷物着替え。"
863,いい謝りをどう書く?,"ちょっと待って,考える。 誤り言い,責任,直し。 だから答え:誤りを言い,責任を取り,残念を見せ直しを出す,短く正直。 考え終わり。","誤りを言い,責任を取り,残念を見せ直しを出す,短く正直。"
864,謝り - 助言?,"よし,一歩ずつ。 誤り言い,責任,直し。 だから答え:誤りを言い,責任を取り,残念を見せ直しを出す,短く正直。 意味わかる。","誤りを言い,責任を取り,残念を見せ直しを出す,短く正直。"
865,早い案内:謝り。,"ちょっと待って,考える。 誤り言い,責任,直し。 結論:誤りを言い,責任を取り,残念を見せ直しを出す,短く正直。 道理だね。","誤りを言い,責任を取り,残念を見せ直しを出す,短く正直。"
866,3日町旅をどう計画?,"整理しよう。 交通,ホテル,一日2-3所。 だから答え:交通ホテル決め,一日2-3所選び,食事道余りと日予算。 道理だね。","交通ホテル決め,一日2-3所選び,食事道余りと日予算。"
867,町の旅 - 助言?,"うーん,これについて何を知る? 交通,ホテル,一日2-3所。 結論:交通ホテル決め,一日2-3所選び,食事道余りと日予算。 うん,合う。","交通ホテル決め,一日2-3所選び,食事道余りと日予算。"
868,早い案内:町の旅。,"いい質問,少し考える。 交通,ホテル,一日2-3所。 結論:交通ホテル決め,一日2-3所選び,食事道余りと日予算。 よし,決めた。","交通ホテル決め,一日2-3所選び,食事道余りと日予算。"
869,80%雨に傘持つ?,"よし,一歩ずつ。 80%高い,うん勧め。 だから答え:うん,持って。80%に雨はとてもありそう。 考え終わり。","うん,持って。80%に雨はとてもありそう。"
870,傘 - 助言?,"よし,一歩ずつ。 80%高い,うん勧め。 結論:うん,持って。80%に雨はとてもありそう。 うん,合う。","うん,持って。80%に雨はとてもありそう。"
871,早い案内:傘。,"よし,一歩ずつ。 80%高い,うん勧め。 よって:うん,持って。80%に雨はとてもありそう。 いいよ,進もう。","うん,持って。80%に雨はとてもありそう。"
872,メモにいいのは:紙か電話?,"頭でたどる。 紙は注意なし,電話は探せる。 結論:両方いい所:紙は注意なし覚えにいい,電話は探せていつも持つ。 頭に全部はっきり。","両方いい所:紙は注意なし覚えにいい,電話は探せていつも持つ。"
873,メモ紙か電話 - 助言?,"ちょっと待って,考える。 紙は注意なし,電話は探せる。 だから答え:両方いい所:紙は注意なし覚えにいい,電話は探せていつも持つ。 道理だね。","両方いい所:紙は注意なし覚えにいい,電話は探せていつも持つ。"
874,早い案内:メモ紙か電話。,"頭でたどる。 紙は注意なし,電話は探せる。 結論:両方いい所:紙は注意なし覚えにいい,電話は探せていつも持つ。 道理だね。","両方いい所:紙は注意なし覚えにいい,電話は探せていつも持つ。"
875,部屋を早くどう片付ける?,"うーん,これについて何を知る? ゴミ,洗い,戻し,拭く。 結論:先ずゴミ,次洗い,全部戻し,終わりに拭く。 確かだよ。","先ずゴミ,次洗い,全部戻し,終わりに拭く。"
876,早く片付ける - 助言?,"ちょっと待って,考える。 ゴミ,洗い,戻し,拭く。 だから答え:先ずゴミ,次洗い,全部戻し,終わりに拭く。 確かだよ。","先ずゴミ,次洗い,全部戻し,終わりに拭く。"
877,早い案内:早く片付ける。,"整理しよう。 ゴミ,洗い,戻し,拭く。 よって:先ずゴミ,次洗い,全部戻し,終わりに拭く。 意味わかる。","先ずゴミ,次洗い,全部戻し,終わりに拭く。"
878,鞄を小さくどう詰める?,"整理しよう。 巻く,重い下,埋める。 結論:折らず巻く,重い下,靴下で埋める。 よし,決めた。","折らず巻く,重い下,靴下で埋める。"
879,小さい鞄 - 助言?,"ちょっと待って,考える。 巻く,重い下,埋める。 よって:折らず巻く,重い下,靴下で埋める。 うん,合う。","折らず巻く,重い下,靴下で埋める。"
880,早い案内:小さい鞄。,"いい質問,少し考える。 巻く,重い下,埋める。 よって:折らず巻く,重い下,靴下で埋める。 考え終わり。","折らず巻く,重い下,靴下で埋める。"
881,ご飯をどう炊く?,"頭でたどる。 比1:2,10-12分蒸す。 よって:米を洗い,倍水で沸かし,10-12分蒸す。 うん,合う。","米を洗い,倍水で沸かし,10-12分蒸す。"
882,ご飯を炊く - 助言?,"いい質問,少し考える。 比1:2,10-12分蒸す。 結論:米を洗い,倍水で沸かし,10-12分蒸す。 確かだよ。","米を洗い,倍水で沸かし,10-12分蒸す。"
883,早い案内:ご飯を炊く。,"よし,考えよう。 比1:2,10-12分蒸す。 だから答え:米を洗い,倍水で沸かし,10-12分蒸す。 確かだよ。","米を洗い,倍水で沸かし,10-12分蒸す。"
884,パスタをどう煮る?,"頭でたどる。 塩水,8-10分煮る。 よって:多水に塩し,沸かし,8-10分煮て,取る。 うん,合う。","多水に塩し,沸かし,8-10分煮て,取る。"
885,パスタを煮る - 助言?,"頭でたどる。 塩水,8-10分煮る。 だから答え:多水に塩し,沸かし,8-10分煮て,取る。 いいよ,進もう。","多水に塩し,沸かし,8-10分煮て,取る。"
886,早い案内:パスタを煮る。,"頭でたどる。 塩水,8-10分煮る。 よって:多水に塩し,沸かし,8-10分煮て,取る。 道理だね。","多水に塩し,沸かし,8-10分煮て,取る。"
887,クレープをどう作る?,"まず落ち着いて。 粉,乳,卵,焼く。 よって:粉乳卵と塩少し混ぜ,薄く金まで焼く。 頭に全部はっきり。","粉乳卵と塩少し混ぜ,薄く金まで焼く。"
888,クレープ - 助言?,"まず落ち着いて。 粉,乳,卵,焼く。 よって:粉乳卵と塩少し混ぜ,薄く金まで焼く。 頭に全部はっきり。","粉乳卵と塩少し混ぜ,薄く金まで焼く。"
889,早い案内:クレープ。,"整理しよう。 粉,乳,卵,焼く。 結論:粉乳卵と塩少し混ぜ,薄く金まで焼く。 意味わかる。","粉乳卵と塩少し混ぜ,薄く金まで焼く。"
890,朝どう起きる?,"頭でたどる。 光,水,動き。 結論:光をつけ,水を飲み,少し動き,空気を吸う。 よし,決めた。","光をつけ,水を飲み,少し動き,空気を吸う。"
891,起きる - 助言?,"よし,一歩ずつ。 光,水,動き。 結論:光をつけ,水を飲み,少し動き,空気を吸う。 うん,合う。","光をつけ,水を飲み,少し動き,空気を吸う。"
892,早い案内:起きる。,"よし,一歩ずつ。 光,水,動き。 よって:光をつけ,水を飲み,少し動き,空気を吸う。 うん,合う。","光をつけ,水を飲み,少し動き,空気を吸う。"
893,どう早く寝る?,"よし,一歩ずつ。 暗い,涼しい,電話なし,習慣。 よって:暗く涼しく寝て,電話を置き,固定習慣。 いいよ,進もう。","暗く涼しく寝て,電話を置き,固定習慣。"
894,寝る - 助言?,"よし,一歩ずつ。 暗い,涼しい,電話なし,習慣。 だから答え:暗く涼しく寝て,電話を置き,固定習慣。 意味わかる。","暗く涼しく寝て,電話を置き,固定習慣。"
895,早い案内:寝る。,"うーん,これについて何を知る? 暗い,涼しい,電話なし,習慣。 結論:暗く涼しく寝て,電話を置き,固定習慣。 うん,合う。","暗く涼しく寝て,電話を置き,固定習慣。"
896,試験をどう勉強?,"ちょっと待って,考える。 塊,思い出し,休み。 結論:塊に分け,思い出し,休み,次の日繰り返す。 頭に全部はっきり。","塊に分け,思い出し,休み,次の日繰り返す。"
897,試験勉強 - 助言?,"ちょっと待って,考える。 塊,思い出し,休み。 だから答え:塊に分け,思い出し,休み,次の日繰り返す。 うん,合う。","塊に分け,思い出し,休み,次の日繰り返す。"
898,早い案内:試験勉強。,"いい質問,少し考える。 塊,思い出し,休み。 結論:塊に分け,思い出し,休み,次の日繰り返す。 意味わかる。","塊に分け,思い出し,休み,次の日繰り返す。"
899,仕事願いをどう書く?,"まず落ち着いて。 手紙,履歴,証。 だから答え:短い手紙と表履歴と役立つ証を書く。 道理だね。",短い手紙と表履歴と役立つ証を書く。
900,仕事願い - 助言?,"ちょっと待って,考える。 手紙,履歴,証。 だから答え:短い手紙と表履歴と役立つ証を書く。 頭に全部はっきり。",短い手紙と表履歴と役立つ証を書く。
901,早い案内:仕事願い。,"よし,考えよう。 手紙,履歴,証。 だから答え:短い手紙と表履歴と役立つ証を書く。 いいよ,進もう。",短い手紙と表履歴と役立つ証を書く。
902,家をどう探す?,"整理しよう。 予算,サイト,書類,見学。 結論:予算決め,サイト探し,書類作り,質問で見学。 確かだよ。","予算決め,サイト探し,書類作り,質問で見学。"
903,家探し - 助言?,"よし,考えよう。 予算,サイト,書類,見学。 結論:予算決め,サイト探し,書類作り,質問で見学。 頭に全部はっきり。","予算決め,サイト探し,書類作り,質問で見学。"
904,早い案内:家探し。,"まず落ち着いて。 予算,サイト,書類,見学。 だから答え:予算決め,サイト探し,書類作り,質問で見学。 うん,合う。","予算決め,サイト探し,書類作り,質問で見学。"
905,花にどう正しく水?,"頭でたどる。 指試し,ためない。 結論:指試し:上乾いたら水,ためない。 いいよ,進もう。","指試し:上乾いたら水,ためない。"
906,花に水 - 助言?,"頭でたどる。 指試し,ためない。 結論:指試し:上乾いたら水,ためない。 考え終わり。","指試し:上乾いたら水,ためない。"
907,早い案内:花に水。,"まず落ち着いて。 指試し,ためない。 だから答え:指試し:上乾いたら水,ためない。 意味わかる。","指試し:上乾いたら水,ためない。"
908,一日をどう組む?,"ちょっと待って,考える。 3先,塊,休み。 結論:3先選び,休み塊を組み,注意を置く。 いいよ,進もう。","3先選び,休み塊を組み,注意を置く。"
909,一日を組む - 助言?,"よし,考えよう。 3先,塊,休み。 結論:3先選び,休み塊を組み,注意を置く。 意味わかる。","3先選び,休み塊を組み,注意を置く。"
910,早い案内:一日を組む。,"よし,一歩ずつ。 3先,塊,休み。 だから答え:3先選び,休み塊を組み,注意を置く。 頭に全部はっきり。","3先選び,休み塊を組み,注意を置く。"
911,運動をどう始める?,"うーん,これについて何を知る? 少し,週2回,増やす。 だから答え:週2回歩きか軽く始め,ゆっくり増やす。 よし,決めた。","週2回歩きか軽く始め,ゆっくり増やす。"
912,運動始め - 助言?,"よし,考えよう。 少し,週2回,増やす。 結論:週2回歩きか軽く始め,ゆっくり増やす。 意味わかる。","週2回歩きか軽く始め,ゆっくり増やす。"
913,早い案内:運動始め。,"よし,一歩ずつ。 少し,週2回,増やす。 よって:週2回歩きか軽く始め,ゆっくり増やす。 考え終わり。","週2回歩きか軽く始め,ゆっくり増やす。"
914,十分どう水を飲む?,"まず落ち着いて。 瓶用意,思い出し。 結論:瓶を用意し,毎食事一杯,思い出し置く。 意味わかる。","瓶を用意し,毎食事一杯,思い出し置く。"
915,十分飲む - 助言?,"いい質問,少し考える。 瓶用意,思い出し。 結論:瓶を用意し,毎食事一杯,思い出し置く。 よし,決めた。","瓶を用意し,毎食事一杯,思い出し置く。"
916,早い案内:十分飲む。,"ちょっと待って,考える。 瓶用意,思い出し。 だから答え:瓶を用意し,毎食事一杯,思い出し置く。 考え終わり。","瓶を用意し,毎食事一杯,思い出し置く。"
917,健康朝は何?,"整理しよう。 オート,果物,ヨーグルト。 よって:例オート果物ヨーグルト,か全麦パン卵。 確かだよ。","例オート果物ヨーグルト,か全麦パン卵。"
918,健康朝 - 助言?,"ちょっと待って,考える。 オート,果物,ヨーグルト。 結論:例オート果物ヨーグルト,か全麦パン卵。 確かだよ。","例オート果物ヨーグルト,か全麦パン卵。"
919,早い案内:健康朝。,"ちょっと待って,考える。 オート,果物,ヨーグルト。 だから答え:例オート果物ヨーグルト,か全麦パン卵。 道理だね。","例オート果物ヨーグルト,か全麦パン卵。"
920,ストレスに何?,"頭でたどる。 休み,動き,寝,話。 だから答え:短休み,動き,十分寝と話が助ける。 いいよ,進もう。","短休み,動き,十分寝と話が助ける。"
921,ストレス - 助言?,"まず落ち着いて。 休み,動き,寝,話。 だから答え:短休み,動き,十分寝と話が助ける。 頭に全部はっきり。","短休み,動き,十分寝と話が助ける。"
922,早い案内:ストレス。,"うーん,これについて何を知る? 休み,動き,寝,話。 だから答え:短休み,動き,十分寝と話が助ける。 うん,合う。","短休み,動き,十分寝と話が助ける。"
923,約束をどう消す?,"いい質問,少し考える。 早く,短理由,新日。 よって:早く消し,短理由言い,新日出す。 意味わかる。","早く消し,短理由言い,新日出す。"
924,約束消す - 助言?,"よし,考えよう。 早く,短理由,新日。 結論:早く消し,短理由言い,新日出す。 確かだよ。","早く消し,短理由言い,新日出す。"
925,早い案内:約束消す。,"ちょっと待って,考える。 早く,短理由,新日。 よって:早く消し,短理由言い,新日出す。 うん,合う。","早く消し,短理由言い,新日出す。"
926,助けをどう頼む?,"いい質問,少し考える。 具体:何,いつ,ありがとう。 よって:具体頼む:何,いつまで,なぜ。例:今日運ぶの手伝う?ありがとう! 意味わかる。","具体頼む:何,いつまで,なぜ。例:今日運ぶの手伝う?ありがとう!"
927,助け頼む - 助言?,"よし,一歩ずつ。 具体:何,いつ,ありがとう。 だから答え:具体頼む:何,いつまで,なぜ。例:今日運ぶの手伝う?ありがとう! 頭に全部はっきり。","具体頼む:何,いつまで,なぜ。例:今日運ぶの手伝う?ありがとう!"
928,早い案内:助け頼む。,"まず落ち着いて。 具体:何,いつ,ありがとう。 だから答え:具体頼む:何,いつまで,なぜ。例:今日運ぶの手伝う?ありがとう! うん,合う。","具体頼む:何,いつまで,なぜ。例:今日運ぶの手伝う?ありがとう!"
929,いいえをどう学ぶ?,"よし,考えよう。 短い,優しい,代わり。 だから答え:短く優しくいいえ言い,できれば代わり出す。 確かだよ。","短く優しくいいえ言い,できれば代わり出す。"
930,いいえ言う - 助言?,"ちょっと待って,考える。 短い,優しい,代わり。 だから答え:短く優しくいいえ言い,できれば代わり出す。 よし,決めた。","短く優しくいいえ言い,できれば代わり出す。"
931,早い案内:いいえ言う。,"よし,一歩ずつ。 短い,優しい,代わり。 よって:短く優しくいいえ言い,できれば代わり出す。 いいよ,進もう。","短く優しくいいえ言い,できれば代わり出す。"
932,休みにどう貯金?,"よし,考えよう。 目標,月自動。 結論:目標決め,毎月自動貯め,余り足す。 考え終わり。","目標決め,毎月自動貯め,余り足す。"
933,休み貯金 - 助言?,"よし,考えよう。 目標,月自動。 よって:目標決め,毎月自動貯め,余り足す。 よし,決めた。","目標決め,毎月自動貯め,余り足す。"
934,早い案内:休み貯金。,"まず落ち着いて。 目標,月自動。 よって:目標決め,毎月自動貯め,余り足す。 確かだよ。","目標決め,毎月自動貯め,余り足す。"
935,安い飛行をどう取る?,"よし,考えよう。 日柔らか,比べ,早く。 だから答え:日に柔らかく,サイト比べ,早く取る。 いいよ,進もう。","日に柔らかく,サイト比べ,早く取る。"
936,安い飛行 - 助言?,"ちょっと待って,考える。 日柔らか,比べ,早く。 結論:日に柔らかく,サイト比べ,早く取る。 確かだよ。","日に柔らかく,サイト比べ,早く取る。"
937,早い案内:安い飛行。,"うーん,これについて何を知る? 日柔らか,比べ,早く。 だから答え:日に柔らかく,サイト比べ,早く取る。 道理だね。","日に柔らかく,サイト比べ,早く取る。"
938,ネットなしでどう道?,"ちょっと待って,考える。 オフ地図,標,聞く。 よって:オフ地図取り,標に従い,人に聞く。 道理だね。","オフ地図取り,標に従い,人に聞く。"
939,ネットなし道 - 助言?,"よし,考えよう。 オフ地図,標,聞く。 よって:オフ地図取り,標に従い,人に聞く。 頭に全部はっきり。","オフ地図取り,標に従い,人に聞く。"
940,早い案内:ネットなし道。,"よし,考えよう。 オフ地図,標,聞く。 結論:オフ地図取り,標に従い,人に聞く。 いいよ,進もう。","オフ地図取り,標に従い,人に聞く。"
941,犬と猫の違いは飼いとして?,"まず落ち着いて。 犬:散歩と教え;猫は自立。 結論:犬は散歩と教えが要る,猫は自立。時間と所で選ぶ。 意味わかる。","犬は散歩と教えが要る,猫は自立。時間と所で選ぶ。"
942,犬か猫 - 何勧める?,"よし,一歩ずつ。 犬:散歩と教え;猫は自立。 よって:犬は散歩と教えが要る,猫は自立。時間と所で選ぶ。 頭に全部はっきり。","犬は散歩と教えが要る,猫は自立。時間と所で選ぶ。"
943,300km電車か車?,"うーん,これについて何を知る? 電車は休み緑,車は柔らか。 結論:電車は休みよく緑,車は荷物柔らか。混みに電車勝つ。 道理だね。","電車は休みよく緑,車は荷物柔らか。混みに電車勝つ。"
944,電車か車300km - 何勧める?,"整理しよう。 電車は休み緑,車は柔らか。 結論:電車は休みよく緑,車は荷物柔らか。混みに電車勝つ。 よし,決めた。","電車は休みよく緑,車は荷物柔らか。混みに電車勝つ。"
945,おやつりんごかチョコ?,"ちょっと待って,考える。 りんご:ビタミンと満ち。 よって:ビタミンと満ちにりんご,チョコは例外。 道理だね。","ビタミンと満ちにりんご,チョコは例外。"
946,りんごかチョコ - 何勧める?,"まず落ち着いて。 りんご:ビタミンと満ち。 よって:ビタミンと満ちにりんご,チョコは例外。 いいよ,進もう。","ビタミンと満ちにりんご,チョコは例外。"
947,遊びにノートかPC?,"まず落ち着いて。 PCは値に強い,ノート動く。 よって:PCは値に強い,ノートは動く。最大にPC選ぶ。 道理だね。","PCは値に強い,ノートは動く。最大にPC選ぶ。"
948,ノートかPC遊び - 何勧める?,"いい質問,少し考える。 PCは値に強い,ノート動く。 よって:PCは値に強い,ノートは動く。最大にPC選ぶ。 意味わかる。","PCは値に強い,ノートは動く。最大にPC選ぶ。"
949,住みに町か田?,"ちょっと待って,考える。 町:仕事と近さ;田:静か。 結論:町は仕事と近さを出す,田は静かと所。仕事と形で選ぶ。 うん,合う。","町は仕事と近さを出す,田は静かと所。仕事と形で選ぶ。"
950,町か田 - 何勧める?,"よし,一歩ずつ。 町:仕事と近さ;田:静か。 だから答え:町は仕事と近さを出す,田は静かと所。仕事と形で選ぶ。 道理だね。","町は仕事と近さを出す,田は静かと所。仕事と形で選ぶ。"
951,何大事:寝か学び?,"頭でたどる。 寝は学びを固める。 結論:寝は大事,学びを固めるから。早く学び,十分寝る。 うん,合う。","寝は大事,学びを固めるから。早く学び,十分寝る。"
952,寝か学び - 何勧める?,"整理しよう。 寝は学びを固める。 よって:寝は大事,学びを固めるから。早く学び,十分寝る。 うん,合う。","寝は大事,学びを固めるから。早く学び,十分寝る。"
953,新しい電話か古いの持つ?,"整理しよう。 足りれば持つ;壊れか要に買う。 結論:足りれば持つ。壊れか本要だけ新しく買う。 よし,決めた。",足りれば持つ。壊れか本要だけ新しく買う。
954,新しい電話 - 何勧める?,"よし,一歩ずつ。 足りれば持つ;壊れか要に買う。 よって:足りれば持つ。壊れか本要だけ新しく買う。 道理だね。",足りれば持つ。壊れか本要だけ新しく買う。
955,偽ニュースは何?,"頭でたどる。 作り,本物よう;元見る。 よって:偽ニュースは作り。元,日と他メディアを見る。 考え終わり。","偽ニュースは作り。元,日と他メディアを見る。"
956,偽ニュース - 何勧める?,"まず落ち着いて。 作り,本物よう;元見る。 結論:偽ニュースは作り。元,日と他メディアを見る。 うん,合う。","偽ニュースは作り。元,日と他メディアを見る。"
957,事実と考えの違いは?,"いい質問,少し考える。 事実は証,考えは人見。 だから答え:事実は証でき調べられる,考えは人見。 いいよ,進もう。","事実は証でき調べられる,考えは人見。"
958,事実か考え - 何勧める?,"まず落ち着いて。 事実は証,考えは人見。 結論:事実は証でき調べられる,考えは人見。 考え終わり。","事実は証でき調べられる,考えは人見。"
959,学校に自転車かバス?(5km),"うーん,これについて何を知る? いい天気自転車,雨バス。 よって:いい天気に自転車(約20分,健康),雨にバス。 頭に全部はっきり。","いい天気に自転車(約20分,健康),雨にバス。"
960,自転車かバス学校5km - 何勧める?,"まず落ち着いて。 いい天気自転車,雨バス。 結論:いい天気に自転車(約20分,健康),雨にバス。 確かだよ。","いい天気に自転車(約20分,健康),雨にバス。"
961,渇きに水か汁?,"よし,考えよう。 水いい,糖なし。 結論:水は渇きに一番糖なし。汁は薄めだけ。 道理だね。",水は渇きに一番糖なし。汁は薄めだけ。
962,水か汁 - 何勧める?,"ちょっと待って,考える。 水いい,糖なし。 よって:水は渇きに一番糖なし。汁は薄めだけ。 いいよ,進もう。",水は渇きに一番糖なし。汁は薄めだけ。
963,朝コーヒーか水?,"ちょっと待って,考える。 先ず水,コーヒー少し。 結論:先ず水を飲み,後少しコーヒー。 頭に全部はっきり。","先ず水を飲み,後少しコーヒー。"
964,コーヒーか水朝 - 何勧める?,"いい質問,少し考える。 先ず水,コーヒー少し。 だから答え:先ず水を飲み,後少しコーヒー。 考え終わり。","先ず水を飲み,後少しコーヒー。"
965,借りか買い?(一般),"ちょっと待って,考える。 柔らか借り;長く買い見る。 結論:柔らかくいれば借りる;長くいれ払えれば全部費で買い見る。 うん,合う。",柔らかくいれば借りる;長くいれ払えれば全部費で買い見る。
966,借りか買い - 何勧める?,"うーん,これについて何を知る? 柔らか借り;長く買い見る。 結論:柔らかくいれば借りる;長くいれ払えれば全部費で買い見る。 いいよ,進もう。",柔らかくいれば借りる;長くいれ払えれば全部費で買い見る。
967,早くか遅く起きる?,"よし,一歩ずつ。 事と寝による。 結論:事と寝で選ぶ:十分寝と固定形が大事。 意味わかる。",事と寝で選ぶ:十分寝と固定形が大事。
968,早くか遅く - 何勧める?,"よし,一歩ずつ。 事と寝による。 よって:事と寝で選ぶ:十分寝と固定形が大事。 確かだよ。",事と寝で選ぶ:十分寝と固定形が大事。
969,毎日運動?,"うーん,これについて何を知る? 休み大事;週3-4回足りる。 よって:いいえ,休み組む。週3-4回よく足りる,毎日だけ軽く。 頭に全部はっきり。","いいえ,休み組む。週3-4回よく足りる,毎日だけ軽く。"
970,毎日運動 - 何勧める?,"うーん,これについて何を知る? 休み大事;週3-4回足りる。 結論:いいえ,休み組む。週3-4回よく足りる,毎日だけ軽く。 よし,決めた。","いいえ,休み組む。週3-4回よく足りる,毎日だけ軽く。"
971,熱で働く?,"ちょっと待って,考える。 いいえ,休み医者。 結論:いいえ。休み,高いか長い熱に医者へ。 うん,合う。","いいえ。休み,高いか長い熱に医者へ。"
972,熱と仕事 - 何勧める?,"よし,一歩ずつ。 いいえ,休み医者。 よって:いいえ。休み,高いか長い熱に医者へ。 考え終わり。","いいえ。休み,高いか長い熱に医者へ。"
973,二つどう選ぶ?,"うーん,これについて何を知る? 基準,いい悪い,期限。 結論:基準並べ,点し,費と感じ見て,期限で決める。 うん,合う。","基準並べ,点し,費と感じ見て,期限で決める。"
974,二つ選び - 何勧める?,"うーん,これについて何を知る? 基準,いい悪い,期限。 結論:基準並べ,点し,費と感じ見て,期限で決める。 よし,決めた。","基準並べ,点し,費と感じ見て,期限で決める。"
975,5月で500ユーロどう貯める?,"まず落ち着いて。 500/5=月100自動。 確かめ:月100ユーロ自動貯める,例給料後送り。 合う。 うん,合う。","月100ユーロ自動貯める,例給料後送り。"
976,5月500貯める - 何勧める?,"頭でたどる。 500/5=月100自動。 確かめ:月100ユーロ自動貯める,例給料後送り。 合う。 うん,合う。","月100ユーロ自動貯める,例給料後送り。"
977,要と欲の違いは?,"整理しよう。 要は生き,欲は超え。 よって:要是は生きに要る,欲は超えの願い。 道理だね。","要是は生きに要る,欲は超えの願い。"
978,要か欲 - 何勧める?,"よし,一歩ずつ。 要は生き,欲は超え。 結論:要是は生きに要る,欲は超えの願い。 考え終わり。","要是は生きに要る,欲は超えの願い。"
979,何大事:金か時間?,"まず落ち着いて。 時間限り,金は戻る。 結論:時間は限り戻らず,金はまた稼げる。つり合い大事。 道理だね。","時間は限り戻らず,金はまた稼げる。つり合い大事。"
980,金か時間 - 何勧める?,"整理しよう。 時間限り,金は戻る。 よって:時間は限り戻らず,金はまた稼げる。つり合い大事。 頭に全部はっきり。","時間は限り戻らず,金はまた稼げる。つり合い大事。"
981,まとめ:いつ考えいつない?,"頭でたどる。 規則:話に考えなし;事実計算説明決めに考え。 よって:あいさつ感謝話に考えない。事実計算説明比べ決めに考え,その時考えを見せる。 確かだよ。","あいさつ感謝話に考えない。事実計算説明比べ決めに考え,その時考えを見せる。"
982,寛容は何?,"いい質問,少し考える。 寛容を簡単に正しく決める。 だから答え:寛容短く:寛容は他考えと生き方を受ける。 意味わかる。",寛容短く:寛容は他考えと生き方を受ける。
983,忍耐は何?,"いい質問,少し考える。 忍耐を簡単に正しく決める。 よって:忍耐短く:忍耐は静かに待ち続ける。 うん,合う。",忍耐短く:忍耐は静かに待ち続ける。
984,勇気は何?,頭でたどる。 勇気を簡単に正しく決める。 結論:勇気短く:勇気は怖くても正しいをする。 頭に全部はっきり。,勇気短く:勇気は怖くても正しいをする。
985,規律は何?,"いい質問,少し考える。 規律を簡単に正しく決める。 よって:規律短く:規律は気なくても続ける。 意味わかる。",規律短く:規律は気なくても続ける。
986,創造は何?,"いい質問,少し考える。 創造を簡単に正しく決める。 結論:創造短く:創造は新しい考え答えを見つける。 頭に全部はっきり。",創造短く:創造は新しい考え答えを見つける。
987,組仕事は何?,"いい質問,少し考える。 組仕事を簡単に正しく決める。 結論:組仕事短く:組仕事は共に目標へ進む。 意味わかる。",組仕事短く:組仕事は共に目標へ進む。
988,責任は何?,"ちょっと待って,考える。 責任を簡単に正しく決める。 結論:責任短く:責任は行い結果を持つ。 考え終わり。",責任短く:責任は行い結果を持つ。
989,信じは何?,"よし,考えよう。 信じを簡単に正しく決める。 だから答え:信じ短く:信じは他人を頼れる。 意味わかる。",信じ短く:信じは他人を頼れる。
990,礼儀は何?,頭でたどる。 礼儀を簡単に正しく決める。 よって:礼儀短く:礼儀は敬い優しい。 考え終わり。,礼儀短く:礼儀は敬い優しい。
991,時間守りは何?,"うーん,これについて何を知る? 時間守りを簡単に正しく決める。 だから答え:時間守り短く:時間守りは約束時を守る。 うん,合う。",時間守り短く:時間守りは約束時を守る。
992,頼りは何?,"うーん,これについて何を知る? 頼りを簡単に正しく決める。 結論:頼り短く:頼りは約束を守る。 頭に全部はっきり。",頼り短く:頼りは約束を守る。
993,健康は何?,"うーん,これについて何を知る? 健康を簡単に正しく決める。 だから答え:健康短く:健康は体心のよさ。 うん,合う。",健康短く:健康は体心のよさ。
994,幸せは何?,"いい質問,少し考える。 幸せを簡単に正しく決める。 結論:幸せ短く:幸せは満ち喜び時。 頭に全部はっきり。",幸せ短く:幸せは満ち喜び時。
995,成功は何?,"よし,考えよう。 成功を簡単に正しく決める。 よって:成功短く:成功は決め目標に達する。 確かだよ。",成功短く:成功は決め目標に達する。
996,学びは何?,"うーん,これについて何を知る? 学びを簡単に正しく決める。 結論:学び短く:学びは知識技術を得る。 よし,決めた。",学び短く:学びは知識技術を得る。
997,知識は何?,"よし,一歩ずつ。 知識を簡単に正しく決める。 よって:知識短く:知識はわかる世の知らせ。 道理だね。",知識短く:知識はわかる世の知らせ。
998,経験は何?,"いい質問,少し考える。 経験を簡単に正しく決める。 結論:経験短く:経験は生きた知識。 考え終わり。",経験短く:経験は生きた知識。
999,ユーモアは何?,"よし,一歩ずつ。 ユーモアを簡単に正しく決める。 だから答え:ユーモア短く:ユーモアはおかしいに笑える。 確かだよ。",ユーモア短く:ユーモアはおかしいに笑える。
1000,愛は何?,まず落ち着いて。 愛を簡単に正しく決める。 だから答え:愛短く:愛は深い思いと世話。 確かだよ。,愛短く:愛は深い思いと世話。
