id,text
1,Németország fővárosa Berlin.
2,Németország fővárosának neve Berlin.
3,Franciaország fővárosa Párizs.
4,Franciaország fővárosának neve Párizs.
5,Olaszország fővárosa Róma.
6,Olaszország fővárosának neve Róma.
7,Spanyolország fővárosa Madrid.
8,Spanyolország fővárosának neve Madrid.
9,Portugália fővárosa Lisszabon.
10,Portugália fővárosának neve Lisszabon.
11,Hollandia fővárosa Amszterdam.
12,Hollandia fővárosának neve Amszterdam.
13,Belgium fővárosa Brüsszel.
14,Belgium fővárosának neve Brüsszel.
15,Ausztria fővárosa Bécs.
16,Ausztria fővárosának neve Bécs.
17,Svájc fővárosa Bern.
18,Svájc fővárosának neve Bern.
19,Lengyelország fővárosa Varsó.
20,Lengyelország fővárosának neve Varsó.
21,Csehország fővárosa Prága.
22,Csehország fővárosának neve Prága.
23,Magyarország fővárosa Budapest.
24,Magyarország fővárosának neve Budapest.
25,Görögország fővárosa Athén.
26,Görögország fővárosának neve Athén.
27,Törökország fővárosa Ankara.
28,Törökország fővárosának neve Ankara.
29,Norvégia fővárosa Oslo.
30,Norvégia fővárosának neve Oslo.
31,Svédország fővárosa Stockholm.
32,Svédország fővárosának neve Stockholm.
33,Finnország fővárosa Helsinki.
34,Finnország fővárosának neve Helsinki.
35,Dánia fővárosa Koppenhága.
36,Dánia fővárosának neve Koppenhága.
37,Egyesült Királyság fővárosa London.
38,Egyesült Királyság fővárosának neve London.
39,Írország fővárosa Dublin.
40,Írország fővárosának neve Dublin.
41,USA fővárosa Washington D.C..
42,USA fővárosának neve Washington D.C..
43,Washington D.C..
44,Kanada fővárosa Ottawa.
45,Kanada fővárosának neve Ottawa.
46,Mexikó fővárosa Mexikóváros.
47,Mexikó fővárosának neve Mexikóváros.
48,Brazília fővárosa Brazíliaváros.
49,Brazília fővárosának neve Brazíliaváros.
50,Argentína fővárosa Buenos Aires.
51,Argentína fővárosának neve Buenos Aires.
52,Japán fővárosa Tokió.
53,Japán fővárosának neve Tokió.
54,Kína fővárosa Peking.
55,Kína fővárosának neve Peking.
56,India fővárosa Újdelhi.
57,India fővárosának neve Újdelhi.
58,Ausztrália fővárosa Canberra.
59,Ausztrália fővárosának neve Canberra.
60,Egyiptom fővárosa Kairó.
61,Egyiptom fővárosának neve Kairó.
62,Németországnak 16 tartománya van.
63,Németországban kb. 83-84 millió ember él.
64,Brazíliában portugálul beszélnek.
65,Japán pénze a jen.
66,Az USA pénze az amerikai dollár.
67,"Általában 7 kontinenst számolunk: Afrika, Antarktisz, Ázsia, Ausztrália, Európa, Észak-Amerika, Dél-Amerika."
68,"Vitatott: általában Nílus és Amazonas, mindkettő 6500 km felett."
69,Területre a világ legnagyobb országa Oroszország.
70,A világ legnagyobb állata a kék bálna.
71,"5 óceán van: Atlanti, Csendes, Indiai, Déli és Jeges."
72,"A legmagasabb hegy az Everest, kb. 8848 méter."
73,Az első Holdra szállás 1969-ben volt Apollo 11-gyel.
74,A második világháború 1939-től 1945-ig tartott.
75,Az első világháború 1914-től 1918-ig tartott.
76,A berlini fal 1961-től 1989-ig Kelet- és Nyugat-Berlin erődített határa volt.
77,A berlini fal 1989. november 9-én omlott le.
78,"A telefont Alexander Graham Bell szabadalmaztatta 1876-ban, Antonio Meucci úttörő munkájával."
79,A relativitást Albert Einstein dolgozta ki.
80,"A demokrácia a nép uralmát jelenti, általában szabad választásokkal és alapjogokkal."
81,Az EU európai államok uniója egységes piaccal és közös intézményekkel.
82,Az EU-nak 27 tagállama van.
83,"Az Alaptörvény Németország alkotmánya, 1949 óta érvényes."
84,Németország 1990-ben egyesült újra.
85,"A középkor kb. 500-tól 1500-ig tartott, ókor és újkor között."
86,"Leonardo da Vinci olasz művész és feltaláló volt, Mona Lisáról híres."
87,Marie Curie a radioaktivitást kutatta és két Nobelt nyert.
88,"A francia forradalom 1789 óta megdöntötte a monarchiát szabadság, egyenlőség, testvériség alatt."
89,"Az emberi jogok mindenki alapjogai, mint élet, szabadság és egyenlőség."
90,"Az infláció azt jelenti, hogy az árak nőnek és a pénz értéket veszít."
91,Az iparosítás a gépekre és gyárakra való átállás volt a 18. századtól.
92,"Az alapok ARPANET 1969-ben, a Web 1989 óta."
93,Az autót Carl Benz találta fel 1886-os kocsival.
94,Az első motoros repülést a Wright fivérek végezték 1903-ban.
95,A Bundestagba 18 éves kortól. Az EP-választáson Németországban 16-tól.
96,"A választók szavaznak, a szavazatokat számolják és a mandátumokat eredmény szerint osztják."
97,Diktatúrában egy személy vagy csoport kormányoz szabad választások nélkül; demokráciában a hatalom a néptől jön.
98,"A fenntarthatóság azt jelenti, hogy úgy élünk, hogy a jövő nemzedékeknek is legyen erőforrása."
99,"A zaklatás ismétlődő vegzálás. Beszélj megbízhatókkal, őrizz bizonyítékot, kérj segítséget."
100,A béke háború és erőszak nélküli együttélést jelenti.
101,"A szabadság azt jelenti, hogy szabadon élünk mások sérelme nélkül."
102,Az igazságosság mindenkinek igazságos és egyenlő bánást jelent.
103,Az ég kék Rayleigh-szórás miatt: a kék fény jobban szóródik mint a vörös.
104,"Az eső párolgással keletkezik: víz felszáll, hűl, felhőt képez és cseppekben esik."
105,"A fotoszintézis fényből, vízből és CO2-ből cukrot és oxigént készít."
106,Az időjárás rövid állapot; az éghajlat kb. 30 év átlaga.
107,"A hűtő hőt pumpál belülről kifelé hűtőközeggel: belül elpárolog, hőt felvesz, kint lead."
108,"Az áram egyszerűen töltések irányított mozgása, általában vezetékben elektronok."
109,"A víz H2O, hidrogén és oxigén vegyülete."
110,"A vírus apró kórokozó, amely gazdasejt nélkül nem szaporodik."
111,"A mesterséges intelligencia adatokból tanuló, mintákat felismerő és feladatokat megoldó programok."
112,"A böngésző a program, amivel weboldalakat nyitsz, pl. Chrome, Firefox, Edge vagy Safari."
113,"Az app program, általában telefonra, pl. üzenetek, fotók vagy játékok."
114,"A víz stabilizálja a keringést és a fókuszt, segíti a vesét és a bőrt, megelőzi a fejfájást."
115,"Kb. 2 percig, naponta kétszer."
116,"A gravitáció tömegek vonzása. A Föld mindent lefelé vonz, ezért esnek a dolgok."
117,"A levegő gázkeverék, főleg nitrogén és oxigén."
118,A szív vért pumpál az egész testben.
119,A tüdő oxigént vesz fel és szén-dioxidot ad le.
120,"Az alvás segíti a regenerálódást, a memóriát és az immunitást."
121,"A láz emelkedett testhőmérséklet, gyakran fertőzések elleni védekezés."
122,"Az erős jelszó hosszú, szolgáltatásonként egyedi és kezelőben tartott."
123,A Wi-Fi vezeték nélküli helyi háló internetre kábelek nélkül.
124,"A felhő szerverek az interneten, ahol adatot tartasz és szolgáltatást használsz."
125,A GPS műholdjelekből és utazási idejükből találja a pozíciót.
126,"Nappal és éjjel azért van, mert a Föld forog. A napos oldal nappal, a másik éjjel."
127,Az évszakok a tengely dőléséből jönnek: mindegyik félteke felváltva dől a Nap felé.
128,"A Hold azért világít, mert a Nap fényét tükrözi."
129,"A Nap forró gázcsillag, fényt és hőt ad."
130,"Naprendszerünkben 8 bolygó van: Merkúr, Vénusz, Föld, Mars, Jupiter, Szaturnusz, Uránusz, Neptunusz."
131,"Az atom az anyag legkisebb egysége, magból és elektronokból."
132,"Az újrahasznosítás hulladékot gyűjt, hogy új termékeket készítsen."
133,Az üvegházhatás tartja a hőt. Túl sok gáz melegíti az éghajlatot.
134,"A méhek beporozzák a növényeket, biztosítva terméseket és sokféleséget."
135,"A levelek zöldek klorofill miatt, a fotoszintézis pigmentje."
136,"Az emlősöknek szőrük van, élő utódot szülnek és tejjel táplálják."
137,Az elem kémiai energiát alakít elektromossá.
138,A napelemek a fényt közvetlenül árammá alakítják.
139,A vírus terjedő és károsító káros program. Védd frissítésekkel és óvatossággal.
140,"A műanyag alig bomlik, szemeteli a természetet és tengereket, mikroműanyaggá válik."
141,"Földrengés akkor van, amikor a lemezek hirtelen mozognak és energiát szabadítanak."
142,A mézet a méhek virágnektárból készítik.
143,25-ször 4 az 100.
144,16:45-kor érkezik.
145,Mindenki 25 eurót kap.
146,2 óra 120 perc.
147,"Egy év 365 napos, szökőév 366."
148,Egy perc 60 másodperc.
149,23 plusz 48 az 71.
150,5 mínusz 2 az 3.
151,144 osztva 12 az 12.
152,32 plusz 34 az 66.
153,86 mínusz 5 az 81.
154,3-szer 8 az 24.
155,85 osztva 5 az 17.
156,1000 10%-a 100.
157,31 plusz 56 az 87.
158,65 mínusz 61 az 4.
159,12-szer 8 az 96.
160,72 osztva 6 az 12.
161,17 plusz 22 az 39.
162,97 mínusz 96 az 1.
163,9-szer 10 az 90.
164,72 osztva 12 az 6.
165,10 plusz 41 az 51.
166,81 mínusz 22 az 59.
167,12-szer 2 az 24.
168,120 osztva 8 az 15.
169,48 plusz 14 az 62.
170,78 mínusz 47 az 31.
171,35 osztva 7 az 5.
172,31 plusz 45 az 76.
173,37 mínusz 18 az 19.
174,10-szer 9 az 90.
175,43 plusz 3 az 46.
176,65 mínusz 16 az 49.
177,77 osztva 11 az 7.
178,36 plusz 24 az 60.
179,21 mínusz 4 az 17.
180,11-szer 7 az 77.
181,39 osztva 3 az 13.
182,1000 50%-a 500.
183,48 plusz 25 az 73.
184,59 mínusz 37 az 22.
185,12-szer 11 az 132.
186,15 osztva 5 az 3.
187,22 plusz 20 az 42.
188,61 mínusz 51 az 10.
189,6-szer 12 az 72.
190,128 osztva 8 az 16.
191,30 plusz 32 az 62.
192,38 mínusz 32 az 6.
193,11-szer 10 az 110.
194,72 osztva 4 az 18.
195,36 plusz 10 az 46.
196,51 mínusz 40 az 11.
197,7-szer 12 az 84.
198,33 osztva 3 az 11.
199,40 plusz 34 az 74.
200,58 mínusz 53 az 5.
201,6-szer 8 az 48.
202,204 osztva 12 az 17.
203,1000 20%-a 200.
204,32 plusz 56 az 88.
205,50 mínusz 7 az 43.
206,152 osztva 8 az 19.
207,11 plusz 30 az 41.
208,24 mínusz 20 az 4.
209,8-szer 3 az 24.
210,99 osztva 11 az 9.
211,43 plusz 20 az 63.
212,44 mínusz 25 az 19.
213,8-szer 5 az 40.
214,4 osztva 2 az 2.
215,11 plusz 10 az 21.
216,25 mínusz 6 az 19.
217,66 osztva 11 az 6.
218,30 plusz 13 az 43.
219,82 mínusz 8 az 74.
220,6-szer 2 az 12.
221,42 osztva 7 az 6.
222,8 plusz 37 az 45.
223,9 mínusz 7 az 2.
224,7-szer 9 az 63.
225,64 osztva 8 az 8.
226,13 plusz 32 az 45.
227,68 mínusz 40 az 28.
228,20 osztva 5 az 4.
229,31 plusz 41 az 72.
230,28 mínusz 12 az 16.
231,2-szer 8 az 16.
232,36 osztva 2 az 18.
233,56 plusz 36 az 92.
234,70 mínusz 38 az 32.
235,5-szer 4 az 20.
236,180 osztva 10 az 18.
237,40 plusz 49 az 89.
238,21:45-kor ér véget.
239,A találkozó 12:30-kor.
240,17:05-kor kész.
241,5 óra 15 percig tart.
242,19:30-kor végzel.
243,Legjobb rövid napi egységekben kártyákkal és aktív használattal mondatokban plusz ismétlés.
244,"Állíts költségvetést, nézd át előfizetéseket, főzz többször, hasonlíts árakat és tegyél félre először fix összeget."
245,"Csinálj tésztát egyszerű szósszal: fűszerezd, főzd, öntsd tésztára, szórj sajtot."
246,"Vigyél: igazolványt vagy útlevelet, jegyet, pénzt, telefont plusz töltőt, gyógyszert, higiéniát és váltást kézibe."
247,"Nevezd meg a hibát, vállald, mutass megbánást és ajánlj jóvátételt, röviden és őszintén."
248,"Állítsd be az utazást és hotelt, válassz napi 2-3 pontot, tervezz puffereket és napibüdzsét."
249,"Igen, vidd. 80%-nál az eső nagyon valószínű."
250,"Mindkettőnek vannak előnyei: papír figyelem nélkül és jó memóriára, telefon kereshető és mindig nálad."
251,"Először szedd a szemetet, aztán a mosást, tegyél mindent vissza és a végén törölj."
252,"Tekerd a ruhákat hajtogatás helyett, nehéz alulra, töltsd zoknikkal."
253,"Mosd meg a rizst, forrald dupla vízzel, pihentesd 10-12 percig."
254,"Sózz sok vizet, forrald, főzd a tésztát 8-10 percig, szűrd le."
255,"Keverj lisztet, tejet, tojást és csipet sót, süsd vékonyan aranybarnára."
256,"Kapcsold fel a fényt, igyál egy pohár vizet, mozogj kicsit és szívj levegőt."
257,"Aludj sötétben és hűvösben, tedd le a telefont, tarts fix rutint."
258,"Oszd blokkokra, kérdezd magad aktívan, tarts szüneteket, ismételd másnap."
259,Írj rövid levelet plusz táblázatos CV-t és hasznos bizonyítványokat.
260,"Állíts büdzsét, keress portálokon, készíts papírokat, menj kérdésekkel."
261,"Ujjpróba: csak ha felül száraz locsolj, kerüld a pangást."
262,"Válassz 3 prioritást, tervezz blokkokat szünetekkel, tedd el a figyelemelvonókat."
263,"Kezdd heti 2x sétával vagy könnyűvel, növeld lassan."
264,"Tarts palackot készen, igyál egy pohárral minden étkezéshez, állíts emlékeztetőket."
265,"Pl. zab gyümölccsel és joghurttal, vagy teljes kiőrlésű kenyér tojással."
266,"Rövid szünetek, mozgás, elég alvás és beszélgetés segítenek."
267,"Mondd le korán, adj rövid okot, javasolj új időt."
268,"Kérj konkrétan: mit, meddig, miért. Pl. Segítesz ma cipelni? Köszi!"
269,"Mondj nemet röviden és kedvesen, ajánlj alternatívát ha tudsz."
270,"Állíts célt, spórolj havonta automatikusan, told hozzá az extrát."
271,"Légy rugalmas dátumokkal, hasonlíts portálokat, foglalj korán."
272,"Tölts offline térképeket, kövesd táblákat, kérdezz embereket."
273,"A kutyák sok sétát és nevelést kérnek, a macskák önállóbbak. Válassz idő és hely szerint."
274,"A vonat relax és gyakran zöldebb, az autó rugalmas csomaggal. Dugóban a vonat nyer."
275,"Vedd az almát vitaminokért és teltségért, a csokit kivételnek."
276,"A PC-k több erőt adnak pénzért, a laptopok mobilek. Maxra PC-t válassz."
277,"A városok munkákat és közelt adnak, a vidék nyugalmat és helyet. Válassz munka és stílus szerint."
278,"Az alvás többet számít, mert rögzíti a tanulást. Tanulj korán, aludj eleget."
279,Tartsd meg ha elég. Vegyél újat csak hiba vagy valós szükség esetén.
280,"Az álhírek kitaláltak. Ellenőrizd a forrást, a dátumot és más médiát."
281,"A tény bizonyítható és ellenőrizhető, a vélemény személyes nézet."
282,"Szép időben vedd a biciklit (kb. 20 perc, egészséges), esőben a buszt."
283,A víz legjobban oltja a szomjat és nincs cukor. Lé csak hígítva.
284,"Igyál előbb vizet, kávét utána mértékkel."
285,"Bérelj ha rugalmas maradsz; ha sokáig maradsz és tudsz fizetni, nézd a vételt minden költséggel."
286,Válassz feladatok és alvás szerint: elég alvás és fix ritmus számít.
287,"Nem, tervezz pihenést. Heti 3-4 alkalommal gyakran elég, mindennap csak könnyű."
288,Nem. Pihenj és menj orvoshoz magas vagy hosszú láznál.
289,"Listázd a kritériumokat, pontozz, nézd a költségeket és érzést, dönts határidővel."
290,"Spórolj havi 100 eurót automatikusan, pl. utalással fizetés után."
291,"A szükséglet létfontosságú, a vágy azon túli kívánság."
292,"Az idő korlátozott és nem tér vissza, a pénz újra megkereshető. Az egyensúly számít."
293,"Nem gondolkodom üdvözlésnél, köszönetnél és small talknál. Gondolkodom tényeknél, számításoknál, magyarázatoknál, összehasonlításoknál és döntéseknél, és akkor mutatom a gondolkodást."
294,tolerancia röviden: A tolerancia más véleményeket és életmódokat elfogad.
295,türelem röviden: A türelem nyugodtan vár és kitart.
296,bátorság röviden: A bátorság félelem ellenére jót tesz.
297,fegyelem röviden: A fegyelem kedv nélkül is kitart.
298,kreativitás röviden: A kreativitás új ötleteket és megoldásokat talál.
299,csapatmunka röviden: A csapatmunka együtt halad cél felé.
300,felelősség röviden: A felelősség tettekért és következményekért áll.
301,bizalom röviden: A bizalom másokra támaszkodhat.
302,udvariasság röviden: Az udvariasság tisztelettudó és kedves.
303,pontosság röviden: A pontosság tartja a megbeszélt időket.
304,megbízhatóság röviden: A megbízhatóság tartja az ígéreteket.
305,egészség röviden: Az egészség testi és lelki jólét.
306,boldogság röviden: A boldogság elégedettség és örömteli pillanatok.
307,siker röviden: A siker eléri a kitűzött célokat.
308,tanulás röviden: A tanulás tudást és készségeket szerez.
309,tudás röviden: A tudás megértett információ a világról.
310,tapasztalat röviden: A tapasztalat megélt tudás.
311,humor röviden: A humor tud nevetni a vicces dolgokon.
312,szeretet röviden: A szeretet mély vonzalom és gondoskodás.
313,Tény: Németország fővárosa Berlin.
314,Tudtad? Németország fővárosa Berlin.
315,Jegyezd meg: Németország fővárosa Berlin.
316,Röviden: Németország fővárosa Berlin.
317,Jó tudni: Németország fővárosa Berlin.
318,Biztos: Németország fővárosa Berlin.
319,Tény: Németország fővárosának neve Berlin.
320,Tudtad? Németország fővárosának neve Berlin.
321,Jegyezd meg: Németország fővárosának neve Berlin.
322,Röviden: Németország fővárosának neve Berlin.
323,Jó tudni: Németország fővárosának neve Berlin.
324,Biztos: Németország fővárosának neve Berlin.
325,Tény: Franciaország fővárosa Párizs.
326,Tudtad? Franciaország fővárosa Párizs.
327,Jegyezd meg: Franciaország fővárosa Párizs.
328,Röviden: Franciaország fővárosa Párizs.
329,Jó tudni: Franciaország fővárosa Párizs.
330,Biztos: Franciaország fővárosa Párizs.
331,Tény: Franciaország fővárosának neve Párizs.
332,Tudtad? Franciaország fővárosának neve Párizs.
333,Jegyezd meg: Franciaország fővárosának neve Párizs.
334,Röviden: Franciaország fővárosának neve Párizs.
335,Jó tudni: Franciaország fővárosának neve Párizs.
336,Biztos: Franciaország fővárosának neve Párizs.
337,Tény: Olaszország fővárosa Róma.
338,Tudtad? Olaszország fővárosa Róma.
339,Jegyezd meg: Olaszország fővárosa Róma.
340,Röviden: Olaszország fővárosa Róma.
341,Jó tudni: Olaszország fővárosa Róma.
342,Biztos: Olaszország fővárosa Róma.
343,Tény: Olaszország fővárosának neve Róma.
344,Tudtad? Olaszország fővárosának neve Róma.
345,Jegyezd meg: Olaszország fővárosának neve Róma.
346,Röviden: Olaszország fővárosának neve Róma.
347,Jó tudni: Olaszország fővárosának neve Róma.
348,Biztos: Olaszország fővárosának neve Róma.
349,Tény: Spanyolország fővárosa Madrid.
350,Tudtad? Spanyolország fővárosa Madrid.
351,Jegyezd meg: Spanyolország fővárosa Madrid.
352,Röviden: Spanyolország fővárosa Madrid.
353,Jó tudni: Spanyolország fővárosa Madrid.
354,Biztos: Spanyolország fővárosa Madrid.
355,Tény: Spanyolország fővárosának neve Madrid.
356,Tudtad? Spanyolország fővárosának neve Madrid.
357,Jegyezd meg: Spanyolország fővárosának neve Madrid.
358,Röviden: Spanyolország fővárosának neve Madrid.
359,Jó tudni: Spanyolország fővárosának neve Madrid.
360,Biztos: Spanyolország fővárosának neve Madrid.
361,Tény: Portugália fővárosa Lisszabon.
362,Tudtad? Portugália fővárosa Lisszabon.
363,Jegyezd meg: Portugália fővárosa Lisszabon.
364,Röviden: Portugália fővárosa Lisszabon.
365,Jó tudni: Portugália fővárosa Lisszabon.
366,Biztos: Portugália fővárosa Lisszabon.
367,Tény: Portugália fővárosának neve Lisszabon.
368,Tudtad? Portugália fővárosának neve Lisszabon.
369,Jegyezd meg: Portugália fővárosának neve Lisszabon.
370,Röviden: Portugália fővárosának neve Lisszabon.
371,Jó tudni: Portugália fővárosának neve Lisszabon.
372,Biztos: Portugália fővárosának neve Lisszabon.
373,Tény: Hollandia fővárosa Amszterdam.
374,Tudtad? Hollandia fővárosa Amszterdam.
375,Jegyezd meg: Hollandia fővárosa Amszterdam.
376,Röviden: Hollandia fővárosa Amszterdam.
377,Jó tudni: Hollandia fővárosa Amszterdam.
378,Biztos: Hollandia fővárosa Amszterdam.
379,Tény: Hollandia fővárosának neve Amszterdam.
380,Tudtad? Hollandia fővárosának neve Amszterdam.
381,Jegyezd meg: Hollandia fővárosának neve Amszterdam.
382,Röviden: Hollandia fővárosának neve Amszterdam.
383,Jó tudni: Hollandia fővárosának neve Amszterdam.
384,Biztos: Hollandia fővárosának neve Amszterdam.
385,Tény: Belgium fővárosa Brüsszel.
386,Tudtad? Belgium fővárosa Brüsszel.
387,Jegyezd meg: Belgium fővárosa Brüsszel.
388,Röviden: Belgium fővárosa Brüsszel.
389,Jó tudni: Belgium fővárosa Brüsszel.
390,Biztos: Belgium fővárosa Brüsszel.
391,Tény: Belgium fővárosának neve Brüsszel.
392,Tudtad? Belgium fővárosának neve Brüsszel.
393,Jegyezd meg: Belgium fővárosának neve Brüsszel.
394,Röviden: Belgium fővárosának neve Brüsszel.
395,Jó tudni: Belgium fővárosának neve Brüsszel.
396,Biztos: Belgium fővárosának neve Brüsszel.
397,Tény: Ausztria fővárosa Bécs.
398,Tudtad? Ausztria fővárosa Bécs.
399,Jegyezd meg: Ausztria fővárosa Bécs.
400,Röviden: Ausztria fővárosa Bécs.
401,Jó tudni: Ausztria fővárosa Bécs.
402,Biztos: Ausztria fővárosa Bécs.
403,Tény: Ausztria fővárosának neve Bécs.
404,Tudtad? Ausztria fővárosának neve Bécs.
405,Jegyezd meg: Ausztria fővárosának neve Bécs.
406,Röviden: Ausztria fővárosának neve Bécs.
407,Jó tudni: Ausztria fővárosának neve Bécs.
408,Biztos: Ausztria fővárosának neve Bécs.
409,Tény: Svájc fővárosa Bern.
410,Tudtad? Svájc fővárosa Bern.
411,Jegyezd meg: Svájc fővárosa Bern.
412,Röviden: Svájc fővárosa Bern.
413,Jó tudni: Svájc fővárosa Bern.
414,Biztos: Svájc fővárosa Bern.
415,Tény: Svájc fővárosának neve Bern.
416,Tudtad? Svájc fővárosának neve Bern.
417,Jegyezd meg: Svájc fővárosának neve Bern.
418,Röviden: Svájc fővárosának neve Bern.
419,Jó tudni: Svájc fővárosának neve Bern.
420,Biztos: Svájc fővárosának neve Bern.
421,Tény: Lengyelország fővárosa Varsó.
422,Tudtad? Lengyelország fővárosa Varsó.
423,Jegyezd meg: Lengyelország fővárosa Varsó.
424,Röviden: Lengyelország fővárosa Varsó.
425,Jó tudni: Lengyelország fővárosa Varsó.
426,Biztos: Lengyelország fővárosa Varsó.
427,Tény: Lengyelország fővárosának neve Varsó.
428,Tudtad? Lengyelország fővárosának neve Varsó.
429,Jegyezd meg: Lengyelország fővárosának neve Varsó.
430,Röviden: Lengyelország fővárosának neve Varsó.
431,Jó tudni: Lengyelország fővárosának neve Varsó.
432,Biztos: Lengyelország fővárosának neve Varsó.
433,Tény: Csehország fővárosa Prága.
434,Tudtad? Csehország fővárosa Prága.
435,Jegyezd meg: Csehország fővárosa Prága.
436,Röviden: Csehország fővárosa Prága.
437,Jó tudni: Csehország fővárosa Prága.
438,Biztos: Csehország fővárosa Prága.
439,Tény: Csehország fővárosának neve Prága.
440,Tudtad? Csehország fővárosának neve Prága.
441,Jegyezd meg: Csehország fővárosának neve Prága.
442,Röviden: Csehország fővárosának neve Prága.
443,Jó tudni: Csehország fővárosának neve Prága.
444,Biztos: Csehország fővárosának neve Prága.
445,Tény: Magyarország fővárosa Budapest.
446,Tudtad? Magyarország fővárosa Budapest.
447,Jegyezd meg: Magyarország fővárosa Budapest.
448,Röviden: Magyarország fővárosa Budapest.
449,Jó tudni: Magyarország fővárosa Budapest.
450,Biztos: Magyarország fővárosa Budapest.
451,Tény: Magyarország fővárosának neve Budapest.
452,Tudtad? Magyarország fővárosának neve Budapest.
453,Jegyezd meg: Magyarország fővárosának neve Budapest.
454,Röviden: Magyarország fővárosának neve Budapest.
455,Jó tudni: Magyarország fővárosának neve Budapest.
456,Biztos: Magyarország fővárosának neve Budapest.
457,Tény: Görögország fővárosa Athén.
458,Tudtad? Görögország fővárosa Athén.
459,Jegyezd meg: Görögország fővárosa Athén.
460,Röviden: Görögország fővárosa Athén.
461,Jó tudni: Görögország fővárosa Athén.
462,Biztos: Görögország fővárosa Athén.
463,Tény: Görögország fővárosának neve Athén.
464,Tudtad? Görögország fővárosának neve Athén.
465,Jegyezd meg: Görögország fővárosának neve Athén.
466,Röviden: Görögország fővárosának neve Athén.
467,Jó tudni: Görögország fővárosának neve Athén.
468,Biztos: Görögország fővárosának neve Athén.
469,Tény: Törökország fővárosa Ankara.
470,Tudtad? Törökország fővárosa Ankara.
471,Jegyezd meg: Törökország fővárosa Ankara.
472,Röviden: Törökország fővárosa Ankara.
473,Jó tudni: Törökország fővárosa Ankara.
474,Biztos: Törökország fővárosa Ankara.
475,Tény: Törökország fővárosának neve Ankara.
476,Tudtad? Törökország fővárosának neve Ankara.
477,Jegyezd meg: Törökország fővárosának neve Ankara.
478,Röviden: Törökország fővárosának neve Ankara.
479,Jó tudni: Törökország fővárosának neve Ankara.
480,Biztos: Törökország fővárosának neve Ankara.
481,Tény: Norvégia fővárosa Oslo.
482,Tudtad? Norvégia fővárosa Oslo.
483,Jegyezd meg: Norvégia fővárosa Oslo.
484,Röviden: Norvégia fővárosa Oslo.
485,Jó tudni: Norvégia fővárosa Oslo.
486,Biztos: Norvégia fővárosa Oslo.
487,Tény: Norvégia fővárosának neve Oslo.
488,Tudtad? Norvégia fővárosának neve Oslo.
489,Jegyezd meg: Norvégia fővárosának neve Oslo.
490,Röviden: Norvégia fővárosának neve Oslo.
491,Jó tudni: Norvégia fővárosának neve Oslo.
492,Biztos: Norvégia fővárosának neve Oslo.
493,Tény: Svédország fővárosa Stockholm.
494,Tudtad? Svédország fővárosa Stockholm.
495,Jegyezd meg: Svédország fővárosa Stockholm.
496,Röviden: Svédország fővárosa Stockholm.
497,Jó tudni: Svédország fővárosa Stockholm.
498,Biztos: Svédország fővárosa Stockholm.
499,Tény: Svédország fővárosának neve Stockholm.
500,Tudtad? Svédország fővárosának neve Stockholm.
501,Jegyezd meg: Svédország fővárosának neve Stockholm.
502,Röviden: Svédország fővárosának neve Stockholm.
503,Jó tudni: Svédország fővárosának neve Stockholm.
504,Biztos: Svédország fővárosának neve Stockholm.
505,Tény: Finnország fővárosa Helsinki.
506,Tudtad? Finnország fővárosa Helsinki.
507,Jegyezd meg: Finnország fővárosa Helsinki.
508,Röviden: Finnország fővárosa Helsinki.
509,Jó tudni: Finnország fővárosa Helsinki.
510,Biztos: Finnország fővárosa Helsinki.
511,Tény: Finnország fővárosának neve Helsinki.
512,Tudtad? Finnország fővárosának neve Helsinki.
513,Jegyezd meg: Finnország fővárosának neve Helsinki.
514,Röviden: Finnország fővárosának neve Helsinki.
515,Jó tudni: Finnország fővárosának neve Helsinki.
516,Biztos: Finnország fővárosának neve Helsinki.
517,Tény: Dánia fővárosa Koppenhága.
518,Tudtad? Dánia fővárosa Koppenhága.
519,Jegyezd meg: Dánia fővárosa Koppenhága.
520,Röviden: Dánia fővárosa Koppenhága.
521,Jó tudni: Dánia fővárosa Koppenhága.
522,Biztos: Dánia fővárosa Koppenhága.
523,Tény: Dánia fővárosának neve Koppenhága.
524,Tudtad? Dánia fővárosának neve Koppenhága.
525,Jegyezd meg: Dánia fővárosának neve Koppenhága.
526,Röviden: Dánia fővárosának neve Koppenhága.
527,Jó tudni: Dánia fővárosának neve Koppenhága.
528,Biztos: Dánia fővárosának neve Koppenhága.
529,Tény: Egyesült Királyság fővárosa London.
530,Tudtad? Egyesült Királyság fővárosa London.
531,Jegyezd meg: Egyesült Királyság fővárosa London.
532,Röviden: Egyesült Királyság fővárosa London.
533,Jó tudni: Egyesült Királyság fővárosa London.
534,Biztos: Egyesült Királyság fővárosa London.
535,Tény: Egyesült Királyság fővárosának neve London.
536,Tudtad? Egyesült Királyság fővárosának neve London.
537,Jegyezd meg: Egyesült Királyság fővárosának neve London.
538,Röviden: Egyesült Királyság fővárosának neve London.
539,Jó tudni: Egyesült Királyság fővárosának neve London.
540,Biztos: Egyesült Királyság fővárosának neve London.
541,Tény: Írország fővárosa Dublin.
542,Tudtad? Írország fővárosa Dublin.
543,Jegyezd meg: Írország fővárosa Dublin.
544,Röviden: Írország fővárosa Dublin.
545,Jó tudni: Írország fővárosa Dublin.
546,Biztos: Írország fővárosa Dublin.
547,Tény: Írország fővárosának neve Dublin.
548,Tudtad? Írország fővárosának neve Dublin.
549,Jegyezd meg: Írország fővárosának neve Dublin.
550,Röviden: Írország fővárosának neve Dublin.
551,Jó tudni: Írország fővárosának neve Dublin.
552,Biztos: Írország fővárosának neve Dublin.
553,Tény: USA fővárosa Washington D.C..
554,Tudtad? USA fővárosa Washington D.C..
555,Jegyezd meg: USA fővárosa Washington D.C..
556,Röviden: USA fővárosa Washington D.C..
557,Jó tudni: USA fővárosa Washington D.C..
558,Biztos: USA fővárosa Washington D.C..
559,Tény: USA fővárosának neve Washington D.C..
560,Tudtad? USA fővárosának neve Washington D.C..
561,Jegyezd meg: USA fővárosának neve Washington D.C..
562,Röviden: USA fővárosának neve Washington D.C..
563,Jó tudni: USA fővárosának neve Washington D.C..
564,Biztos: USA fővárosának neve Washington D.C..
565,Tény: Washington D.C..
566,Tudtad? Washington D.C..
567,Jegyezd meg: Washington D.C..
568,Röviden: Washington D.C..
569,Jó tudni: Washington D.C..
570,Biztos: Washington D.C..
571,Tény: Kanada fővárosa Ottawa.
572,Tudtad? Kanada fővárosa Ottawa.
573,Jegyezd meg: Kanada fővárosa Ottawa.
574,Röviden: Kanada fővárosa Ottawa.
575,Jó tudni: Kanada fővárosa Ottawa.
576,Biztos: Kanada fővárosa Ottawa.
577,Tény: Kanada fővárosának neve Ottawa.
578,Tudtad? Kanada fővárosának neve Ottawa.
579,Jegyezd meg: Kanada fővárosának neve Ottawa.
580,Röviden: Kanada fővárosának neve Ottawa.
581,Jó tudni: Kanada fővárosának neve Ottawa.
582,Biztos: Kanada fővárosának neve Ottawa.
583,Tény: Mexikó fővárosa Mexikóváros.
584,Tudtad? Mexikó fővárosa Mexikóváros.
585,Jegyezd meg: Mexikó fővárosa Mexikóváros.
586,Röviden: Mexikó fővárosa Mexikóváros.
587,Jó tudni: Mexikó fővárosa Mexikóváros.
588,Biztos: Mexikó fővárosa Mexikóváros.
589,Tény: Mexikó fővárosának neve Mexikóváros.
590,Tudtad? Mexikó fővárosának neve Mexikóváros.
591,Jegyezd meg: Mexikó fővárosának neve Mexikóváros.
592,Röviden: Mexikó fővárosának neve Mexikóváros.
593,Jó tudni: Mexikó fővárosának neve Mexikóváros.
594,Biztos: Mexikó fővárosának neve Mexikóváros.
595,Tény: Brazília fővárosa Brazíliaváros.
596,Tudtad? Brazília fővárosa Brazíliaváros.
597,Jegyezd meg: Brazília fővárosa Brazíliaváros.
598,Röviden: Brazília fővárosa Brazíliaváros.
599,Jó tudni: Brazília fővárosa Brazíliaváros.
600,Biztos: Brazília fővárosa Brazíliaváros.
601,Tény: Brazília fővárosának neve Brazíliaváros.
602,Tudtad? Brazília fővárosának neve Brazíliaváros.
603,Jegyezd meg: Brazília fővárosának neve Brazíliaváros.
604,Röviden: Brazília fővárosának neve Brazíliaváros.
605,Jó tudni: Brazília fővárosának neve Brazíliaváros.
606,Biztos: Brazília fővárosának neve Brazíliaváros.
607,Tény: Argentína fővárosa Buenos Aires.
608,Tudtad? Argentína fővárosa Buenos Aires.
609,Jegyezd meg: Argentína fővárosa Buenos Aires.
610,Röviden: Argentína fővárosa Buenos Aires.
611,Jó tudni: Argentína fővárosa Buenos Aires.
612,Biztos: Argentína fővárosa Buenos Aires.
613,Tény: Argentína fővárosának neve Buenos Aires.
614,Tudtad? Argentína fővárosának neve Buenos Aires.
615,Jegyezd meg: Argentína fővárosának neve Buenos Aires.
616,Röviden: Argentína fővárosának neve Buenos Aires.
617,Jó tudni: Argentína fővárosának neve Buenos Aires.
618,Biztos: Argentína fővárosának neve Buenos Aires.
619,Tény: Japán fővárosa Tokió.
620,Tudtad? Japán fővárosa Tokió.
621,Jegyezd meg: Japán fővárosa Tokió.
622,Röviden: Japán fővárosa Tokió.
623,Jó tudni: Japán fővárosa Tokió.
624,Biztos: Japán fővárosa Tokió.
625,Tény: Japán fővárosának neve Tokió.
626,Tudtad? Japán fővárosának neve Tokió.
627,Jegyezd meg: Japán fővárosának neve Tokió.
628,Röviden: Japán fővárosának neve Tokió.
629,Jó tudni: Japán fővárosának neve Tokió.
630,Biztos: Japán fővárosának neve Tokió.
631,Tény: Kína fővárosa Peking.
632,Tudtad? Kína fővárosa Peking.
633,Jegyezd meg: Kína fővárosa Peking.
634,Röviden: Kína fővárosa Peking.
635,Jó tudni: Kína fővárosa Peking.
636,Biztos: Kína fővárosa Peking.
637,Tény: Kína fővárosának neve Peking.
638,Tudtad? Kína fővárosának neve Peking.
639,Jegyezd meg: Kína fővárosának neve Peking.
640,Röviden: Kína fővárosának neve Peking.
641,Jó tudni: Kína fővárosának neve Peking.
642,Biztos: Kína fővárosának neve Peking.
643,Tény: India fővárosa Újdelhi.
644,Tudtad? India fővárosa Újdelhi.
645,Jegyezd meg: India fővárosa Újdelhi.
646,Röviden: India fővárosa Újdelhi.
647,Jó tudni: India fővárosa Újdelhi.
648,Biztos: India fővárosa Újdelhi.
649,Tény: India fővárosának neve Újdelhi.
650,Tudtad? India fővárosának neve Újdelhi.
651,Jegyezd meg: India fővárosának neve Újdelhi.
652,Röviden: India fővárosának neve Újdelhi.
653,Jó tudni: India fővárosának neve Újdelhi.
654,Biztos: India fővárosának neve Újdelhi.
655,Tény: Ausztrália fővárosa Canberra.
656,Tudtad? Ausztrália fővárosa Canberra.
657,Jegyezd meg: Ausztrália fővárosa Canberra.
658,Röviden: Ausztrália fővárosa Canberra.
659,Jó tudni: Ausztrália fővárosa Canberra.
660,Biztos: Ausztrália fővárosa Canberra.
661,Tény: Ausztrália fővárosának neve Canberra.
662,Tudtad? Ausztrália fővárosának neve Canberra.
663,Jegyezd meg: Ausztrália fővárosának neve Canberra.
664,Röviden: Ausztrália fővárosának neve Canberra.
665,Jó tudni: Ausztrália fővárosának neve Canberra.
666,Biztos: Ausztrália fővárosának neve Canberra.
667,Tény: Egyiptom fővárosa Kairó.
668,Tudtad? Egyiptom fővárosa Kairó.
669,Jegyezd meg: Egyiptom fővárosa Kairó.
670,Röviden: Egyiptom fővárosa Kairó.
671,Jó tudni: Egyiptom fővárosa Kairó.
672,Biztos: Egyiptom fővárosa Kairó.
673,Tény: Egyiptom fővárosának neve Kairó.
674,Tudtad? Egyiptom fővárosának neve Kairó.
675,Jegyezd meg: Egyiptom fővárosának neve Kairó.
676,Röviden: Egyiptom fővárosának neve Kairó.
677,Jó tudni: Egyiptom fővárosának neve Kairó.
678,Biztos: Egyiptom fővárosának neve Kairó.
679,Tény: Németországnak 16 tartománya van.
680,Tudtad? Németországnak 16 tartománya van.
681,Jegyezd meg: Németországnak 16 tartománya van.
682,Röviden: Németországnak 16 tartománya van.
683,Jó tudni: Németországnak 16 tartománya van.
684,Biztos: Németországnak 16 tartománya van.
685,Tény: Németországban kb. 83-84 millió ember él.
686,Tudtad? Németországban kb. 83-84 millió ember él.
687,Jegyezd meg: Németországban kb. 83-84 millió ember él.
688,Röviden: Németországban kb. 83-84 millió ember él.
689,Jó tudni: Németországban kb. 83-84 millió ember él.
690,Biztos: Németországban kb. 83-84 millió ember él.
691,Tény: Brazíliában portugálul beszélnek.
692,Tudtad? Brazíliában portugálul beszélnek.
693,Jegyezd meg: Brazíliában portugálul beszélnek.
694,Röviden: Brazíliában portugálul beszélnek.
695,Jó tudni: Brazíliában portugálul beszélnek.
696,Biztos: Brazíliában portugálul beszélnek.
697,Tény: Japán pénze a jen.
698,Tudtad? Japán pénze a jen.
699,Jegyezd meg: Japán pénze a jen.
700,Röviden: Japán pénze a jen.
701,Jó tudni: Japán pénze a jen.
702,Biztos: Japán pénze a jen.
703,Tény: Az USA pénze az amerikai dollár.
704,Tudtad? Az USA pénze az amerikai dollár.
705,Jegyezd meg: Az USA pénze az amerikai dollár.
706,Röviden: Az USA pénze az amerikai dollár.
707,Jó tudni: Az USA pénze az amerikai dollár.
708,Biztos: Az USA pénze az amerikai dollár.
709,"Tény: Általában 7 kontinenst számolunk: Afrika, Antarktisz, Ázsia, Ausztrália, Európa, Észak-Amerika, Dél-Amerika."
710,"Tudtad? Általában 7 kontinenst számolunk: Afrika, Antarktisz, Ázsia, Ausztrália, Európa, Észak-Amerika, Dél-Amerika."
711,"Jegyezd meg: Általában 7 kontinenst számolunk: Afrika, Antarktisz, Ázsia, Ausztrália, Európa, Észak-Amerika, Dél-Amerika."
712,"Röviden: Általában 7 kontinenst számolunk: Afrika, Antarktisz, Ázsia, Ausztrália, Európa, Észak-Amerika, Dél-Amerika."
713,"Jó tudni: Általában 7 kontinenst számolunk: Afrika, Antarktisz, Ázsia, Ausztrália, Európa, Észak-Amerika, Dél-Amerika."
714,"Biztos: Általában 7 kontinenst számolunk: Afrika, Antarktisz, Ázsia, Ausztrália, Európa, Észak-Amerika, Dél-Amerika."
715,"Tény: Vitatott: általában Nílus és Amazonas, mindkettő 6500 km felett."
716,"Tudtad? Vitatott: általában Nílus és Amazonas, mindkettő 6500 km felett."
717,"Jegyezd meg: Vitatott: általában Nílus és Amazonas, mindkettő 6500 km felett."
718,"Röviden: Vitatott: általában Nílus és Amazonas, mindkettő 6500 km felett."
719,"Jó tudni: Vitatott: általában Nílus és Amazonas, mindkettő 6500 km felett."
720,"Biztos: Vitatott: általában Nílus és Amazonas, mindkettő 6500 km felett."
721,Tény: Területre a világ legnagyobb országa Oroszország.
722,Tudtad? Területre a világ legnagyobb országa Oroszország.
723,Jegyezd meg: Területre a világ legnagyobb országa Oroszország.
724,Röviden: Területre a világ legnagyobb országa Oroszország.
725,Jó tudni: Területre a világ legnagyobb országa Oroszország.
726,Biztos: Területre a világ legnagyobb országa Oroszország.
727,Tény: A világ legnagyobb állata a kék bálna.
728,Tudtad? A világ legnagyobb állata a kék bálna.
729,Jegyezd meg: A világ legnagyobb állata a kék bálna.
730,Röviden: A világ legnagyobb állata a kék bálna.
731,Jó tudni: A világ legnagyobb állata a kék bálna.
732,Biztos: A világ legnagyobb állata a kék bálna.
733,"Tény: 5 óceán van: Atlanti, Csendes, Indiai, Déli és Jeges."
734,"Tudtad? 5 óceán van: Atlanti, Csendes, Indiai, Déli és Jeges."
735,"Jegyezd meg: 5 óceán van: Atlanti, Csendes, Indiai, Déli és Jeges."
736,"Röviden: 5 óceán van: Atlanti, Csendes, Indiai, Déli és Jeges."
737,"Jó tudni: 5 óceán van: Atlanti, Csendes, Indiai, Déli és Jeges."
738,"Biztos: 5 óceán van: Atlanti, Csendes, Indiai, Déli és Jeges."
739,"Tény: A legmagasabb hegy az Everest, kb. 8848 méter."
740,"Tudtad? A legmagasabb hegy az Everest, kb. 8848 méter."
741,"Jegyezd meg: A legmagasabb hegy az Everest, kb. 8848 méter."
742,"Röviden: A legmagasabb hegy az Everest, kb. 8848 méter."
743,"Jó tudni: A legmagasabb hegy az Everest, kb. 8848 méter."
744,"Biztos: A legmagasabb hegy az Everest, kb. 8848 méter."
745,Tény: Az első Holdra szállás 1969-ben volt Apollo 11-gyel.
746,Tudtad? Az első Holdra szállás 1969-ben volt Apollo 11-gyel.
747,Jegyezd meg: Az első Holdra szállás 1969-ben volt Apollo 11-gyel.
748,Röviden: Az első Holdra szállás 1969-ben volt Apollo 11-gyel.
749,Jó tudni: Az első Holdra szállás 1969-ben volt Apollo 11-gyel.
750,Biztos: Az első Holdra szállás 1969-ben volt Apollo 11-gyel.
751,Tény: A második világháború 1939-től 1945-ig tartott.
752,Tudtad? A második világháború 1939-től 1945-ig tartott.
753,Jegyezd meg: A második világháború 1939-től 1945-ig tartott.
754,Röviden: A második világháború 1939-től 1945-ig tartott.
755,Jó tudni: A második világháború 1939-től 1945-ig tartott.
756,Biztos: A második világháború 1939-től 1945-ig tartott.
757,Tény: Az első világháború 1914-től 1918-ig tartott.
758,Tudtad? Az első világháború 1914-től 1918-ig tartott.
759,Jegyezd meg: Az első világháború 1914-től 1918-ig tartott.
760,Röviden: Az első világháború 1914-től 1918-ig tartott.
761,Jó tudni: Az első világháború 1914-től 1918-ig tartott.
762,Biztos: Az első világháború 1914-től 1918-ig tartott.
763,Tény: A berlini fal 1961-től 1989-ig Kelet- és Nyugat-Berlin erődített határa volt.
764,Tudtad? A berlini fal 1961-től 1989-ig Kelet- és Nyugat-Berlin erődített határa volt.
765,Jegyezd meg: A berlini fal 1961-től 1989-ig Kelet- és Nyugat-Berlin erődített határa volt.
766,Röviden: A berlini fal 1961-től 1989-ig Kelet- és Nyugat-Berlin erődített határa volt.
767,Jó tudni: A berlini fal 1961-től 1989-ig Kelet- és Nyugat-Berlin erődített határa volt.
768,Biztos: A berlini fal 1961-től 1989-ig Kelet- és Nyugat-Berlin erődített határa volt.
769,Tény: A berlini fal 1989. november 9-én omlott le.
770,Tudtad? A berlini fal 1989. november 9-én omlott le.
771,Jegyezd meg: A berlini fal 1989. november 9-én omlott le.
772,Röviden: A berlini fal 1989. november 9-én omlott le.
773,Jó tudni: A berlini fal 1989. november 9-én omlott le.
774,Biztos: A berlini fal 1989. november 9-én omlott le.
775,"Tény: A telefont Alexander Graham Bell szabadalmaztatta 1876-ban, Antonio Meucci úttörő munkájával."
776,"Tudtad? A telefont Alexander Graham Bell szabadalmaztatta 1876-ban, Antonio Meucci úttörő munkájával."
777,"Jegyezd meg: A telefont Alexander Graham Bell szabadalmaztatta 1876-ban, Antonio Meucci úttörő munkájával."
778,"Röviden: A telefont Alexander Graham Bell szabadalmaztatta 1876-ban, Antonio Meucci úttörő munkájával."
779,"Jó tudni: A telefont Alexander Graham Bell szabadalmaztatta 1876-ban, Antonio Meucci úttörő munkájával."
780,"Biztos: A telefont Alexander Graham Bell szabadalmaztatta 1876-ban, Antonio Meucci úttörő munkájával."
781,Tény: A relativitást Albert Einstein dolgozta ki.
782,Tudtad? A relativitást Albert Einstein dolgozta ki.
783,Jegyezd meg: A relativitást Albert Einstein dolgozta ki.
784,Röviden: A relativitást Albert Einstein dolgozta ki.
785,Jó tudni: A relativitást Albert Einstein dolgozta ki.
786,Biztos: A relativitást Albert Einstein dolgozta ki.
787,"Tény: A demokrácia a nép uralmát jelenti, általában szabad választásokkal és alapjogokkal."
788,"Tudtad? A demokrácia a nép uralmát jelenti, általában szabad választásokkal és alapjogokkal."
789,"Jegyezd meg: A demokrácia a nép uralmát jelenti, általában szabad választásokkal és alapjogokkal."
790,"Röviden: A demokrácia a nép uralmát jelenti, általában szabad választásokkal és alapjogokkal."
791,"Jó tudni: A demokrácia a nép uralmát jelenti, általában szabad választásokkal és alapjogokkal."
792,"Biztos: A demokrácia a nép uralmát jelenti, általában szabad választásokkal és alapjogokkal."
793,Tény: Az EU európai államok uniója egységes piaccal és közös intézményekkel.
794,Tudtad? Az EU európai államok uniója egységes piaccal és közös intézményekkel.
795,Jegyezd meg: Az EU európai államok uniója egységes piaccal és közös intézményekkel.
796,Röviden: Az EU európai államok uniója egységes piaccal és közös intézményekkel.
797,Jó tudni: Az EU európai államok uniója egységes piaccal és közös intézményekkel.
798,Biztos: Az EU európai államok uniója egységes piaccal és közös intézményekkel.
799,Tény: Az EU-nak 27 tagállama van.
800,Tudtad? Az EU-nak 27 tagállama van.
801,Jegyezd meg: Az EU-nak 27 tagállama van.
802,Röviden: Az EU-nak 27 tagállama van.
803,Jó tudni: Az EU-nak 27 tagállama van.
804,Biztos: Az EU-nak 27 tagállama van.
805,"Tény: Az Alaptörvény Németország alkotmánya, 1949 óta érvényes."
806,"Tudtad? Az Alaptörvény Németország alkotmánya, 1949 óta érvényes."
807,"Jegyezd meg: Az Alaptörvény Németország alkotmánya, 1949 óta érvényes."
808,"Röviden: Az Alaptörvény Németország alkotmánya, 1949 óta érvényes."
809,"Jó tudni: Az Alaptörvény Németország alkotmánya, 1949 óta érvényes."
810,"Biztos: Az Alaptörvény Németország alkotmánya, 1949 óta érvényes."
811,Tény: Németország 1990-ben egyesült újra.
812,Tudtad? Németország 1990-ben egyesült újra.
813,Jegyezd meg: Németország 1990-ben egyesült újra.
814,Röviden: Németország 1990-ben egyesült újra.
815,Jó tudni: Németország 1990-ben egyesült újra.
816,Biztos: Németország 1990-ben egyesült újra.
817,"Tény: A középkor kb. 500-tól 1500-ig tartott, ókor és újkor között."
818,"Tudtad? A középkor kb. 500-tól 1500-ig tartott, ókor és újkor között."
819,"Jegyezd meg: A középkor kb. 500-tól 1500-ig tartott, ókor és újkor között."
820,"Röviden: A középkor kb. 500-tól 1500-ig tartott, ókor és újkor között."
821,"Jó tudni: A középkor kb. 500-tól 1500-ig tartott, ókor és újkor között."
822,"Biztos: A középkor kb. 500-tól 1500-ig tartott, ókor és újkor között."
823,"Tény: Leonardo da Vinci olasz művész és feltaláló volt, Mona Lisáról híres."
824,"Tudtad? Leonardo da Vinci olasz művész és feltaláló volt, Mona Lisáról híres."
825,"Jegyezd meg: Leonardo da Vinci olasz művész és feltaláló volt, Mona Lisáról híres."
826,"Röviden: Leonardo da Vinci olasz művész és feltaláló volt, Mona Lisáról híres."
827,"Jó tudni: Leonardo da Vinci olasz művész és feltaláló volt, Mona Lisáról híres."
828,"Biztos: Leonardo da Vinci olasz művész és feltaláló volt, Mona Lisáról híres."
829,Tény: Marie Curie a radioaktivitást kutatta és két Nobelt nyert.
830,Tudtad? Marie Curie a radioaktivitást kutatta és két Nobelt nyert.
831,Jegyezd meg: Marie Curie a radioaktivitást kutatta és két Nobelt nyert.
832,Röviden: Marie Curie a radioaktivitást kutatta és két Nobelt nyert.
833,Jó tudni: Marie Curie a radioaktivitást kutatta és két Nobelt nyert.
834,Biztos: Marie Curie a radioaktivitást kutatta és két Nobelt nyert.
835,"Tény: A francia forradalom 1789 óta megdöntötte a monarchiát szabadság, egyenlőség, testvériség alatt."
836,"Tudtad? A francia forradalom 1789 óta megdöntötte a monarchiát szabadság, egyenlőség, testvériség alatt."
837,"Jegyezd meg: A francia forradalom 1789 óta megdöntötte a monarchiát szabadság, egyenlőség, testvériség alatt."
838,"Röviden: A francia forradalom 1789 óta megdöntötte a monarchiát szabadság, egyenlőség, testvériség alatt."
839,"Jó tudni: A francia forradalom 1789 óta megdöntötte a monarchiát szabadság, egyenlőség, testvériség alatt."
840,"Biztos: A francia forradalom 1789 óta megdöntötte a monarchiát szabadság, egyenlőség, testvériség alatt."
841,"Tény: Az emberi jogok mindenki alapjogai, mint élet, szabadság és egyenlőség."
842,"Tudtad? Az emberi jogok mindenki alapjogai, mint élet, szabadság és egyenlőség."
843,"Jegyezd meg: Az emberi jogok mindenki alapjogai, mint élet, szabadság és egyenlőség."
844,"Röviden: Az emberi jogok mindenki alapjogai, mint élet, szabadság és egyenlőség."
845,"Jó tudni: Az emberi jogok mindenki alapjogai, mint élet, szabadság és egyenlőség."
846,"Biztos: Az emberi jogok mindenki alapjogai, mint élet, szabadság és egyenlőség."
847,"Tény: Az infláció azt jelenti, hogy az árak nőnek és a pénz értéket veszít."
848,"Tudtad? Az infláció azt jelenti, hogy az árak nőnek és a pénz értéket veszít."
849,"Jegyezd meg: Az infláció azt jelenti, hogy az árak nőnek és a pénz értéket veszít."
850,"Röviden: Az infláció azt jelenti, hogy az árak nőnek és a pénz értéket veszít."
851,"Jó tudni: Az infláció azt jelenti, hogy az árak nőnek és a pénz értéket veszít."
852,"Biztos: Az infláció azt jelenti, hogy az árak nőnek és a pénz értéket veszít."
853,Tény: Az iparosítás a gépekre és gyárakra való átállás volt a 18. századtól.
854,Tudtad? Az iparosítás a gépekre és gyárakra való átállás volt a 18. századtól.
855,Jegyezd meg: Az iparosítás a gépekre és gyárakra való átállás volt a 18. századtól.
856,Röviden: Az iparosítás a gépekre és gyárakra való átállás volt a 18. századtól.
857,Jó tudni: Az iparosítás a gépekre és gyárakra való átállás volt a 18. századtól.
858,Biztos: Az iparosítás a gépekre és gyárakra való átállás volt a 18. századtól.
859,"Tény: Az alapok ARPANET 1969-ben, a Web 1989 óta."
860,"Tudtad? Az alapok ARPANET 1969-ben, a Web 1989 óta."
861,"Jegyezd meg: Az alapok ARPANET 1969-ben, a Web 1989 óta."
862,"Röviden: Az alapok ARPANET 1969-ben, a Web 1989 óta."
863,"Jó tudni: Az alapok ARPANET 1969-ben, a Web 1989 óta."
864,"Biztos: Az alapok ARPANET 1969-ben, a Web 1989 óta."
865,Tény: Az autót Carl Benz találta fel 1886-os kocsival.
866,Tudtad? Az autót Carl Benz találta fel 1886-os kocsival.
867,Jegyezd meg: Az autót Carl Benz találta fel 1886-os kocsival.
868,Röviden: Az autót Carl Benz találta fel 1886-os kocsival.
869,Jó tudni: Az autót Carl Benz találta fel 1886-os kocsival.
870,Biztos: Az autót Carl Benz találta fel 1886-os kocsival.
871,Tény: Az első motoros repülést a Wright fivérek végezték 1903-ban.
872,Tudtad? Az első motoros repülést a Wright fivérek végezték 1903-ban.
873,Jegyezd meg: Az első motoros repülést a Wright fivérek végezték 1903-ban.
874,Röviden: Az első motoros repülést a Wright fivérek végezték 1903-ban.
875,Jó tudni: Az első motoros repülést a Wright fivérek végezték 1903-ban.
876,Biztos: Az első motoros repülést a Wright fivérek végezték 1903-ban.
877,Tény: A Bundestagba 18 éves kortól. Az EP-választáson Németországban 16-tól.
878,Tudtad? A Bundestagba 18 éves kortól. Az EP-választáson Németországban 16-tól.
879,Jegyezd meg: A Bundestagba 18 éves kortól. Az EP-választáson Németországban 16-tól.
880,Röviden: A Bundestagba 18 éves kortól. Az EP-választáson Németországban 16-tól.
881,Jó tudni: A Bundestagba 18 éves kortól. Az EP-választáson Németországban 16-tól.
882,Biztos: A Bundestagba 18 éves kortól. Az EP-választáson Németországban 16-tól.
883,"Tény: A választók szavaznak, a szavazatokat számolják és a mandátumokat eredmény szerint osztják."
884,"Tudtad? A választók szavaznak, a szavazatokat számolják és a mandátumokat eredmény szerint osztják."
885,"Jegyezd meg: A választók szavaznak, a szavazatokat számolják és a mandátumokat eredmény szerint osztják."
886,"Röviden: A választók szavaznak, a szavazatokat számolják és a mandátumokat eredmény szerint osztják."
887,"Jó tudni: A választók szavaznak, a szavazatokat számolják és a mandátumokat eredmény szerint osztják."
888,"Biztos: A választók szavaznak, a szavazatokat számolják és a mandátumokat eredmény szerint osztják."
889,Tény: Diktatúrában egy személy vagy csoport kormányoz szabad választások nélkül; demokráciában a hatalom a néptől jön.
890,Tudtad? Diktatúrában egy személy vagy csoport kormányoz szabad választások nélkül; demokráciában a hatalom a néptől jön.
891,Jegyezd meg: Diktatúrában egy személy vagy csoport kormányoz szabad választások nélkül; demokráciában a hatalom a néptől jön.
892,Röviden: Diktatúrában egy személy vagy csoport kormányoz szabad választások nélkül; demokráciában a hatalom a néptől jön.
893,Jó tudni: Diktatúrában egy személy vagy csoport kormányoz szabad választások nélkül; demokráciában a hatalom a néptől jön.
894,Biztos: Diktatúrában egy személy vagy csoport kormányoz szabad választások nélkül; demokráciában a hatalom a néptől jön.
895,"Tény: A fenntarthatóság azt jelenti, hogy úgy élünk, hogy a jövő nemzedékeknek is legyen erőforrása."
896,"Tudtad? A fenntarthatóság azt jelenti, hogy úgy élünk, hogy a jövő nemzedékeknek is legyen erőforrása."
897,"Jegyezd meg: A fenntarthatóság azt jelenti, hogy úgy élünk, hogy a jövő nemzedékeknek is legyen erőforrása."
898,"Röviden: A fenntarthatóság azt jelenti, hogy úgy élünk, hogy a jövő nemzedékeknek is legyen erőforrása."
899,"Jó tudni: A fenntarthatóság azt jelenti, hogy úgy élünk, hogy a jövő nemzedékeknek is legyen erőforrása."
900,"Biztos: A fenntarthatóság azt jelenti, hogy úgy élünk, hogy a jövő nemzedékeknek is legyen erőforrása."
901,"Tény: A zaklatás ismétlődő vegzálás. Beszélj megbízhatókkal, őrizz bizonyítékot, kérj segítséget."
902,"Tudtad? A zaklatás ismétlődő vegzálás. Beszélj megbízhatókkal, őrizz bizonyítékot, kérj segítséget."
903,"Jegyezd meg: A zaklatás ismétlődő vegzálás. Beszélj megbízhatókkal, őrizz bizonyítékot, kérj segítséget."
904,"Röviden: A zaklatás ismétlődő vegzálás. Beszélj megbízhatókkal, őrizz bizonyítékot, kérj segítséget."
905,"Jó tudni: A zaklatás ismétlődő vegzálás. Beszélj megbízhatókkal, őrizz bizonyítékot, kérj segítséget."
906,"Biztos: A zaklatás ismétlődő vegzálás. Beszélj megbízhatókkal, őrizz bizonyítékot, kérj segítséget."
907,Tény: A béke háború és erőszak nélküli együttélést jelenti.
908,Tudtad? A béke háború és erőszak nélküli együttélést jelenti.
909,Jegyezd meg: A béke háború és erőszak nélküli együttélést jelenti.
910,Röviden: A béke háború és erőszak nélküli együttélést jelenti.
911,Jó tudni: A béke háború és erőszak nélküli együttélést jelenti.
912,Biztos: A béke háború és erőszak nélküli együttélést jelenti.
913,"Tény: A szabadság azt jelenti, hogy szabadon élünk mások sérelme nélkül."
914,"Tudtad? A szabadság azt jelenti, hogy szabadon élünk mások sérelme nélkül."
915,"Jegyezd meg: A szabadság azt jelenti, hogy szabadon élünk mások sérelme nélkül."
916,"Röviden: A szabadság azt jelenti, hogy szabadon élünk mások sérelme nélkül."
917,"Jó tudni: A szabadság azt jelenti, hogy szabadon élünk mások sérelme nélkül."
918,"Biztos: A szabadság azt jelenti, hogy szabadon élünk mások sérelme nélkül."
919,Tény: Az igazságosság mindenkinek igazságos és egyenlő bánást jelent.
920,Tudtad? Az igazságosság mindenkinek igazságos és egyenlő bánást jelent.
921,Jegyezd meg: Az igazságosság mindenkinek igazságos és egyenlő bánást jelent.
922,Röviden: Az igazságosság mindenkinek igazságos és egyenlő bánást jelent.
923,Jó tudni: Az igazságosság mindenkinek igazságos és egyenlő bánást jelent.
924,Biztos: Az igazságosság mindenkinek igazságos és egyenlő bánást jelent.
925,Tény: Az ég kék Rayleigh-szórás miatt: a kék fény jobban szóródik mint a vörös.
926,Tudtad? Az ég kék Rayleigh-szórás miatt: a kék fény jobban szóródik mint a vörös.
927,Jegyezd meg: Az ég kék Rayleigh-szórás miatt: a kék fény jobban szóródik mint a vörös.
928,Röviden: Az ég kék Rayleigh-szórás miatt: a kék fény jobban szóródik mint a vörös.
929,Jó tudni: Az ég kék Rayleigh-szórás miatt: a kék fény jobban szóródik mint a vörös.
930,Biztos: Az ég kék Rayleigh-szórás miatt: a kék fény jobban szóródik mint a vörös.
931,"Tény: Az eső párolgással keletkezik: víz felszáll, hűl, felhőt képez és cseppekben esik."
932,"Tudtad? Az eső párolgással keletkezik: víz felszáll, hűl, felhőt képez és cseppekben esik."
933,"Jegyezd meg: Az eső párolgással keletkezik: víz felszáll, hűl, felhőt képez és cseppekben esik."
934,"Röviden: Az eső párolgással keletkezik: víz felszáll, hűl, felhőt képez és cseppekben esik."
935,"Jó tudni: Az eső párolgással keletkezik: víz felszáll, hűl, felhőt képez és cseppekben esik."
936,"Biztos: Az eső párolgással keletkezik: víz felszáll, hűl, felhőt képez és cseppekben esik."
937,"Tény: A fotoszintézis fényből, vízből és CO2-ből cukrot és oxigént készít."
938,"Tudtad? A fotoszintézis fényből, vízből és CO2-ből cukrot és oxigént készít."
939,"Jegyezd meg: A fotoszintézis fényből, vízből és CO2-ből cukrot és oxigént készít."
940,"Röviden: A fotoszintézis fényből, vízből és CO2-ből cukrot és oxigént készít."
941,"Jó tudni: A fotoszintézis fényből, vízből és CO2-ből cukrot és oxigént készít."
942,"Biztos: A fotoszintézis fényből, vízből és CO2-ből cukrot és oxigént készít."
943,Tény: Az időjárás rövid állapot; az éghajlat kb. 30 év átlaga.
944,Tudtad? Az időjárás rövid állapot; az éghajlat kb. 30 év átlaga.
945,Jegyezd meg: Az időjárás rövid állapot; az éghajlat kb. 30 év átlaga.
946,Röviden: Az időjárás rövid állapot; az éghajlat kb. 30 év átlaga.
947,Jó tudni: Az időjárás rövid állapot; az éghajlat kb. 30 év átlaga.
948,Biztos: Az időjárás rövid állapot; az éghajlat kb. 30 év átlaga.
949,"Tény: A hűtő hőt pumpál belülről kifelé hűtőközeggel: belül elpárolog, hőt felvesz, kint lead."
950,"Tudtad? A hűtő hőt pumpál belülről kifelé hűtőközeggel: belül elpárolog, hőt felvesz, kint lead."
951,"Jegyezd meg: A hűtő hőt pumpál belülről kifelé hűtőközeggel: belül elpárolog, hőt felvesz, kint lead."
952,"Röviden: A hűtő hőt pumpál belülről kifelé hűtőközeggel: belül elpárolog, hőt felvesz, kint lead."
953,"Jó tudni: A hűtő hőt pumpál belülről kifelé hűtőközeggel: belül elpárolog, hőt felvesz, kint lead."
954,"Biztos: A hűtő hőt pumpál belülről kifelé hűtőközeggel: belül elpárolog, hőt felvesz, kint lead."
955,"Tény: Az áram egyszerűen töltések irányított mozgása, általában vezetékben elektronok."
956,"Tudtad? Az áram egyszerűen töltések irányított mozgása, általában vezetékben elektronok."
957,"Jegyezd meg: Az áram egyszerűen töltések irányított mozgása, általában vezetékben elektronok."
958,"Röviden: Az áram egyszerűen töltések irányított mozgása, általában vezetékben elektronok."
959,"Jó tudni: Az áram egyszerűen töltések irányított mozgása, általában vezetékben elektronok."
960,"Biztos: Az áram egyszerűen töltések irányított mozgása, általában vezetékben elektronok."
961,"Tény: A víz H2O, hidrogén és oxigén vegyülete."
962,"Tudtad? A víz H2O, hidrogén és oxigén vegyülete."
963,"Jegyezd meg: A víz H2O, hidrogén és oxigén vegyülete."
964,"Röviden: A víz H2O, hidrogén és oxigén vegyülete."
965,"Jó tudni: A víz H2O, hidrogén és oxigén vegyülete."
966,"Biztos: A víz H2O, hidrogén és oxigén vegyülete."
967,"Tény: A vírus apró kórokozó, amely gazdasejt nélkül nem szaporodik."
968,"Tudtad? A vírus apró kórokozó, amely gazdasejt nélkül nem szaporodik."
969,"Jegyezd meg: A vírus apró kórokozó, amely gazdasejt nélkül nem szaporodik."
970,"Röviden: A vírus apró kórokozó, amely gazdasejt nélkül nem szaporodik."
971,"Jó tudni: A vírus apró kórokozó, amely gazdasejt nélkül nem szaporodik."
972,"Biztos: A vírus apró kórokozó, amely gazdasejt nélkül nem szaporodik."
973,"Tény: A mesterséges intelligencia adatokból tanuló, mintákat felismerő és feladatokat megoldó programok."
974,"Tudtad? A mesterséges intelligencia adatokból tanuló, mintákat felismerő és feladatokat megoldó programok."
975,"Jegyezd meg: A mesterséges intelligencia adatokból tanuló, mintákat felismerő és feladatokat megoldó programok."
976,"Röviden: A mesterséges intelligencia adatokból tanuló, mintákat felismerő és feladatokat megoldó programok."
977,"Jó tudni: A mesterséges intelligencia adatokból tanuló, mintákat felismerő és feladatokat megoldó programok."
978,"Biztos: A mesterséges intelligencia adatokból tanuló, mintákat felismerő és feladatokat megoldó programok."
979,"Tény: A böngésző a program, amivel weboldalakat nyitsz, pl. Chrome, Firefox, Edge vagy Safari."
980,"Tudtad? A böngésző a program, amivel weboldalakat nyitsz, pl. Chrome, Firefox, Edge vagy Safari."
981,"Jegyezd meg: A böngésző a program, amivel weboldalakat nyitsz, pl. Chrome, Firefox, Edge vagy Safari."
982,"Röviden: A böngésző a program, amivel weboldalakat nyitsz, pl. Chrome, Firefox, Edge vagy Safari."
983,"Jó tudni: A böngésző a program, amivel weboldalakat nyitsz, pl. Chrome, Firefox, Edge vagy Safari."
984,"Biztos: A böngésző a program, amivel weboldalakat nyitsz, pl. Chrome, Firefox, Edge vagy Safari."
985,"Tény: Az app program, általában telefonra, pl. üzenetek, fotók vagy játékok."
986,"Tudtad? Az app program, általában telefonra, pl. üzenetek, fotók vagy játékok."
987,"Jegyezd meg: Az app program, általában telefonra, pl. üzenetek, fotók vagy játékok."
988,"Röviden: Az app program, általában telefonra, pl. üzenetek, fotók vagy játékok."
989,"Jó tudni: Az app program, általában telefonra, pl. üzenetek, fotók vagy játékok."
990,"Biztos: Az app program, általában telefonra, pl. üzenetek, fotók vagy játékok."
991,"Tény: A víz stabilizálja a keringést és a fókuszt, segíti a vesét és a bőrt, megelőzi a fejfájást."
992,"Tudtad? A víz stabilizálja a keringést és a fókuszt, segíti a vesét és a bőrt, megelőzi a fejfájást."
993,"Jegyezd meg: A víz stabilizálja a keringést és a fókuszt, segíti a vesét és a bőrt, megelőzi a fejfájást."
994,"Röviden: A víz stabilizálja a keringést és a fókuszt, segíti a vesét és a bőrt, megelőzi a fejfájást."
995,"Jó tudni: A víz stabilizálja a keringést és a fókuszt, segíti a vesét és a bőrt, megelőzi a fejfájást."
996,"Biztos: A víz stabilizálja a keringést és a fókuszt, segíti a vesét és a bőrt, megelőzi a fejfájást."
997,"Tény: Kb. 2 percig, naponta kétszer."
998,"Tudtad? Kb. 2 percig, naponta kétszer."
999,"Jegyezd meg: Kb. 2 percig, naponta kétszer."
1000,"Röviden: Kb. 2 percig, naponta kétszer."
