lang,split,sentences,tokens,vocab
de,test,372,3130,823
de,dev,372,3153,907
de,train,6696,58738,2681
en,test,304,2556,713
en,dev,304,2615,677
en,train,5483,46339,1807
fr,test,304,2514,685
fr,dev,304,2728,671
fr,train,5474,47106,1864
es,test,306,2400,668
es,dev,306,2484,672
es,train,5519,43900,1849
it,test,309,2659,688
it,dev,309,2309,636
it,train,5571,45070,1891
tr,test,303,2231,665
tr,dev,303,2207,607
tr,train,5457,40611,2018
pt,test,304,2488,680
pt,dev,304,2329,607
pt,train,5480,43954,1839
nl,test,302,2420,631
nl,dev,302,2524,654
nl,train,5444,45012,1803
pl,test,304,2187,669
pl,dev,304,2173,665
pl,train,5485,39468,2066
ru,test,302,2052,601
ru,dev,302,2101,621
ru,train,5442,38884,2011
ar,test,297,1894,616
ar,dev,297,1916,625
ar,train,5350,35236,2287
zh,test,303,3458,558
zh,dev,303,3528,542
zh,train,5467,64549,1071
ja,test,307,4058,465
ja,dev,307,4270,477
ja,train,5527,74798,879
uk,test,301,2132,588
uk,dev,301,2071,621
uk,train,5435,39820,2022
sv,test,304,2334,636
sv,dev,304,2339,579
sv,train,5479,41942,1857
ro,test,303,2288,648
ro,dev,303,2403,649
ro,train,5456,42648,1914
ko,test,302,1620,603
ko,dev,302,1668,659
ko,train,5437,31233,2465
hi,test,298,2024,578
hi,dev,298,2065,626
hi,train,5374,37129,1772
el,test,304,2264,629
el,dev,304,2221,597
el,train,5491,41079,1895
cs,test,303,2035,609
cs,dev,303,2233,719
cs,train,5471,38783,2027
hu,test,302,2131,660
hu,dev,302,2170,641
hu,train,5444,38609,2039
id,test,301,2084,546
id,dev,301,2066,613
id,train,5432,38726,1577
